MEAN_RR,MEDIAN_RR,SDRR,RMSSD,SDSD,SDRR_RMSSD,HR,pNN25,pNN50,SD1,SD2,KURT,SKEW,MEAN_REL_RR,MEDIAN_REL_RR,SDRR_REL_RR,RMSSD_REL_RR,SDSD_REL_RR,SDRR_RMSSD_REL_RR,KURT_REL_RR,SKEW_REL_RR,VLF,VLF_PCT,LF,LF_PCT,LF_NU,HF,HF_PCT,HF_NU,TP,LF_HF,HF_LF,sampen,higuci,datasetId,condition
763.5050137,764.124515,39.3005385,9.730887805,9.730880455,4.038741303,78.7972939,1.066666667,0,6.883067826,55.1515007,-0.046272433,-0.238922675,8.30E-06,6.64E-05,0.012835951,0.008076655,0.008076655,1.589265687,-0.046272433,-0.238922675,413.5201,57.0885545,274.6377974,37.91514576,88.35672003,36.19062325,4.996299739,11.64327997,724.3485207,7.588645146,0.131775828,2.191021044,1.299697083,2,stressed
765.5017695,702.696175,183.6816998,10.34519631,10.34475525,17.7552648,81.95181429,2.733333333,0.2,7.317287715,259.6620708,1.540794695,1.574195129,-0.000164798,-1.46E-05,0.013208044,0.006422174,0.006422173,2.056631068,1.540794695,1.574195129,2508.681377,82.28067563,518.0106556,16.98990837,95.88349994,22.23939358,0.729415998,4.116500057,3048.931427,23.29248114,0.042932309,1.397286284,1.120767965,2,no stress
701.9301962,711.778975,72.0924674,17.9106543,17.91056551,4.025116347,86.53891558,9.333333333,2,12.66890882,101.1639583,1.735068113,-1.02978904,-9.31E-05,-0.000551299,0.027836329,0.018709927,0.018709885,1.487783938,1.735068113,-1.02978904,988.473944,50.33756282,777.112395,39.57407703,79.68613561,198.1041707,10.08836014,20.31386439,1963.69051,3.922746262,0.254923447,2.016064469,1.301163993,2,no stress
723.1353148,719.97324,50.93185287,9.372076894,9.372069137,5.434425416,83.39026322,1.466666667,0,6.629265238,71.72280053,-0.289257856,-0.040661137,-1.79E-05,0.000565335,0.013039712,0.006866798,0.006866792,1.898951016,-0.289257856,-0.040661137,1050.806565,71.84310788,384.6454329,26.29801168,93.39813345,27.18874268,1.858880443,6.601866551,1462.640741,14.14723135,0.070685209,2.183870512,1.166005129,2,no stress
925.3529974,935.21921,78.75086709,10.88810918,10.88791932,7.232740396,65.33952936,3.133333333,0.2,7.701490889,111.1039386,-0.346271508,-0.497967249,-6.31E-05,-0.000751744,0.01223499,0.00597474,0.005974697,2.047786365,-0.346271508,-0.497967249,640.9221803,53.91822964,541.0085478,45.51289379,98.76550626,6.762195534,0.56887657,1.23449374,1188.692924,80.00486604,0.01249924,2.131841683,1.192280915,2,stressed
868.1768118,854.025965,98.63218675,12.35568278,12.35562182,7.982738669,69.94884837,5.4,0.133333333,8.739659626,139.212912,0.882110006,0.892735973,-4.67E-05,6.14E-05,0.01390018,0.005747072,0.005747071,2.418654109,0.882110006,0.892735973,2236.470058,77.66318278,635.4943741,22.06804225,98.79671769,7.739924525,0.26877497,1.20328231,2879.704357,82.10601693,0.012179375,2.041929408,1.133709961,2,no stress
888.6505665,885.126455,68.20997162,12.23694666,12.23679896,5.574100591,67.91797293,4.466666667,0,8.655611136,96.07435065,-0.513159786,0.113045311,-7.83E-05,-0.000131913,0.013862746,0.00488314,0.004883093,2.83889987,-0.513159786,0.113045311,1804.085599,73.38898353,648.839755,26.39436294,99.18585024,5.325888029,0.216653527,0.814149763,2458.251242,121.8275246,0.008208326,2.212882211,1.075772804,2,no stress
860.1382596,862.82964,68.73993954,16.70410554,16.70408237,4.115152373,70.23683859,12.26666667,0.8,11.81551171,96.49223937,1.595242171,-0.542978224,1.21E-05,-0.000331495,0.019599504,0.010755617,0.010755581,1.822257513,1.595242171,-0.542978224,1111.721168,50.76324801,1040.952411,47.53181549,96.53726854,37.33831215,1.704936503,3.462731463,2190.011892,27.87893591,0.035869375,2.050257169,1.26781989,2,no stress
946.9354882,952.708665,79.15691435,11.73749759,11.7374939,6.743934452,63.82705855,3.933333333,0.133333333,8.302431313,111.6364807,-0.344069192,-0.354324388,2.02E-05,0.000127625,0.012724637,0.004601251,0.004601251,2.765473657,-0.344069192,-0.354324388,1843.040976,76.95945208,548.709177,22.91232705,99.44349904,3.070660099,0.128220871,0.556500961,2394.820813,178.6942088,0.005596152,2.196693698,1.106547,2,stressed
1149.120679,1237.8512,384.8073531,18.49647158,18.49331586,20.80436538,62.49339847,14.66666667,2.733333333,13.08111306,544.0425373,-0.493784265,-0.550963733,0.000236269,0.000765766,0.024912819,0.015616868,0.015616865,1.595250711,-0.493784265,-0.550963733,8158.733153,93.24328286,546.5450398,6.246270442,92.44534455,44.66379007,0.5104467,7.554655447,8749.941983,12.23687105,0.081720237,1.936392764,1.079761527,2,stressed
793.388279,794.4131,49.78209209,13.50779435,13.50668104,3.685434558,75.9240466,4.066666667,0.466666667,9.553853025,69.75125288,0.357551153,0.132577605,-0.000228649,-0.001779607,0.017085532,0.008767339,0.008767328,1.948770437,0.357551153,0.132577605,480.6138557,34.08164942,897.4971129,63.64398695,96.54972613,32.07270448,2.274363623,3.450273867,1410.183673,27.98320651,0.035735719,2.174905792,1.180502386,2,no stress
723.9557165,715.817065,68.92386387,22.5159367,22.51589749,3.061114658,83.62129652,27.93333333,2.4,15.92645705,96.16312176,-0.069014337,0.371323112,6.77E-05,-0.002858184,0.03123378,0.017617875,0.01761787,1.772846054,-0.069014337,0.371323112,859.4955314,26.48051781,2231.459722,68.74987334,93.51245587,154.8103222,4.769608851,6.487544129,3245.765576,14.41415334,0.069376257,2.170461184,1.236823318,2,no stress
759.1577948,755.7202,81.69461574,23.22733937,23.22733705,3.517174931,79.95590844,30.6,2,16.42968867,114.3594588,-0.724748771,0.175510601,5.55E-06,-0.001382974,0.030909165,0.01625187,0.016251841,1.901883595,-0.724748771,0.175510601,890.4978472,24.0598259,2701.032815,72.97758157,96.09878096,109.6509294,2.962592531,3.901219041,3701.181592,24.63301341,0.040595926,2.224776109,1.205412646,2,stressed
835.6487084,835.149555,62.41168034,14.60705081,14.60695623,4.272709198,72.2089052,7.866666667,0.133333333,10.33212472,87.65661917,-0.18177132,-0.048725125,6.71E-05,-0.0016959,0.017633464,0.007796925,0.007796909,2.261592227,-0.18177132,-0.048725125,847.5439444,42.15090226,1149.610276,57.17356687,98.8322534,13.58315168,0.675530871,1.167746598,2010.737372,84.6350172,0.01181544,2.201964278,1.148994624,2,stressed
796.2211579,796.70933,46.18187326,13.38941938,13.38941919,3.449131882,75.60870486,3.8,0.466666667,9.470908708,64.62068341,0.004241297,0.209096817,1.35E-05,-0.00217915,0.016892749,0.008784889,0.008784878,1.922932449,0.004241297,0.209096817,455.8126464,32.3528102,920.1058687,65.30755732,96.54141955,32.96264117,2.339632482,3.458580451,1408.881156,27.91359661,0.035824835,2.193251161,1.185085437,2,no stress
785.2635679,790.92918,85.53857924,14.60130071,14.6010748,5.858284885,77.3565257,6.8,0.8,10.32796453,120.5281304,-0.412857703,-0.134914112,-8.85E-05,-9.22E-06,0.018680176,0.009077035,0.009077033,2.057960181,-0.412857703,-0.134914112,1926.187778,64.56581217,1027.700167,34.44850845,97.21828144,29.40571035,0.985679378,2.781718556,2983.293655,34.94899987,0.028613122,2.196973775,1.134936819,2,stressed
926.1018089,935.675525,78.18573069,10.85276027,10.85214117,7.204225351,65.27931171,3.133333333,0.2,7.676183472,110.3045474,-0.288293218,-0.51379287,-0.000139693,-0.000855903,0.01219128,0.00594026,0.005940258,2.052314124,-0.288293218,-0.51379287,602.9445092,54.30256427,500.8240982,45.10536603,98.70436997,6.574002139,0.592069698,1.295630026,1110.34261,76.18252742,0.013126369,2.129549719,1.187785153,2,stressed
722.8634343,713.696425,73.87423721,21.80877658,21.8087704,3.387362741,83.85614337,25.86666667,2,15.42627582,103.3287756,-0.484820952,0.391608154,2.75E-05,-0.00311191,0.029846758,0.016508736,0.01650873,1.807937179,-0.484820952,0.391608154,911.9022476,27.63301637,2269.153755,68.76127679,95.01746977,118.9899838,3.605706838,4.982530232,3300.045986,19.07012408,0.052438044,2.189868114,1.229951392,2,no stress
872.9250136,857.05586,82.21062557,12.04508973,12.04501099,6.825239781,69.34278367,4.4,1,8.5199513,115.9507841,1.375233732,0.435794864,4.23E-05,0.000190346,0.013794678,0.00622485,0.00622485,2.216065739,1.375233732,0.435794864,1757.454513,71.67445792,685.502738,27.95693247,98.69866705,9.03829126,0.368609612,1.301332949,2451.995542,75.84428497,0.013184909,1.930587625,1.168604992,2,no stress
645.622852,615.97401,103.9029237,10.79483895,10.79459858,9.625240747,94.76896226,3.8,0.6,7.63548114,146.7424088,4.847040399,2.315276699,0.000101696,-0.000419941,0.016693906,0.009787757,0.009787714,1.705590598,4.847040399,2.315276699,1318.196543,68.02951112,568.7555294,29.35234569,91.81075023,50.7313259,2.618143188,8.189249774,1937.683398,11.21113078,0.089197068,1.289228592,1.209759417,2,no stress
680.3277747,662.74605,185.3962008,16.03616756,16.03339893,11.56112893,94.04908124,8.066666667,2.133333333,11.34110863,261.944425,1.601586194,1.258423802,0.000510352,0.001052255,0.026673458,0.0191003,0.019099703,1.396494171,1.601586194,1.258423802,4648.20842,84.35553238,720.6514997,13.07835954,83.59734477,141.399205,2.566108088,16.40265523,5510.259125,5.096573912,0.196210242,1.582566276,1.190177526,2,no stress
759.2831458,765.57926,79.9400363,10.53419624,10.53413183,7.588622281,79.96279409,1.866666667,0,7.451241871,112.8064617,0.005753559,-0.35633544,5.47E-05,-0.000731547,0.013836382,0.007375674,0.007375672,1.87594802,0.005753559,-0.35633544,1432.946748,73.24039194,500.202849,25.56623459,95.54039257,23.34832713,1.193373468,4.459607425,1956.497924,21.42349841,0.046677717,2.12152443,1.181604609,2,no stress
1002.040278,925.67748,231.4753111,16.52148222,16.51976424,14.01056564,62.98324281,10.66666667,1.866666667,11.68513561,327.1469041,-0.763797797,0.572543928,-0.000270378,-0.00039307,0.017477964,0.008330802,0.008330802,2.097992928,-0.763797797,0.572543928,5132.249849,85.27854789,868.0054073,14.42296125,97.97240881,17.96383427,0.298490866,2.027591188,6018.21909,48.31960673,0.020695533,1.991105714,1.103261636,2,stressed
939.3029246,747.92084,370.7025154,13.74799976,13.74652037,26.96410545,73.305131,7,1.133333333,9.723501639,524.1623444,-0.956455967,0.724013945,0.000228157,0.00058822,0.016972956,0.009051795,0.009051781,1.875092781,-0.956455967,0.724013945,3921.966075,87.32679907,539.1458026,12.00466202,94.72478249,30.02499774,0.668538915,5.275217514,4491.136875,17.9565643,0.055689941,1.625017847,1.119539764,2,no stress
676.980466,694.03104,95.80897654,17.88656499,17.88638102,5.356477145,90.97687991,9.733333333,2.133333333,12.65180209,134.9023791,1.664478043,-1.233266086,0.000108822,-0.001488309,0.029919013,0.022754003,0.02275371,1.31489005,1.664478043,-1.233266086,1280.180972,57.82351044,731.5861564,33.04445284,78.34803982,202.1783105,9.132036724,21.65196018,2213.945439,3.618519487,0.276356118,1.925602737,1.305700265,2,no stress
899.2527977,763.595955,341.3636168,15.29504608,15.27930588,22.31857393,77.01484383,9.8,1.333333333,10.80770637,482.6400639,-0.931503946,0.564400207,-0.000935042,-0.000368747,0.024129604,0.015797895,0.015797895,1.527393638,-0.931503946,0.564400207,3384.816497,77.7039921,941.9460567,21.62391049,96.98557061,29.27682807,0.672097415,3.014429389,4356.039382,32.17377424,0.031081215,1.739740621,1.127692713,2,no stress
1000.805553,1001.48335,202.462096,16.28163027,16.2809518,12.43500145,63.65854904,10.8,1.133333333,11.51621336,286.0929525,2.350215901,-0.031960771,-0.000140278,0.000998754,0.021778399,0.00966989,0.009669887,2.252186725,2.350215901,-0.031960771,5603.316215,85.29831898,955.2037241,14.540902,98.90639018,10.5617056,0.160779028,1.093609823,6569.081645,90.44029061,0.011057019,1.936078276,1.097669498,2,stressed
846.5818257,844.81299,56.4056614,8.337574768,8.337454496,6.765236051,71.19183556,0.533333333,0,5.897438064,79.55135134,0.123099372,0.01343433,-5.53E-05,-3.90E-05,0.009838208,0.005466219,0.005466217,1.799819657,0.123099372,0.01343433,957.3926663,80.14581519,224.9181483,18.82847966,94.83380884,12.25269938,1.025705141,5.166191163,1194.563514,18.35662016,0.054476259,2.17655116,1.221443657,2,no stress
774.6707729,777.94054,44.31742344,9.096836291,9.096821224,4.871740243,77.71338164,0.933333333,0,6.434570621,62.34311783,0.075009116,-0.350499029,2.29E-05,-2.53E-05,0.011967097,0.007503179,0.007503171,1.594937002,0.075009116,-0.350499029,564.0144909,66.95501526,244.8333303,29.06453581,87.95445374,33.53043629,3.980448924,12.04554626,842.3782575,7.30182358,0.13695209,2.171724598,1.282685133,2,stressed
806.4966234,829.70633,133.350248,14.08542308,14.08392572,9.467251866,76.92124843,7.2,1.066666667,9.962162875,188.3224166,0.392050746,-0.57037593,-0.000263494,-8.93E-05,0.019375714,0.009967027,0.009967024,1.943981152,0.392050746,-0.57037593,2911.19572,77.45227757,819.5227791,21.80337973,96.69881204,27.9775798,0.744342698,3.301187959,3758.696079,29.29212551,0.034138868,2.095561884,1.141554373,2,no stress
1128.56918,1116.4597,140.3229461,18.03409649,18.03346394,7.780980109,53.95472204,16.6,0.733333333,12.75584014,198.0362263,0.588577615,0.695727656,0.000131869,-6.37E-05,0.016383788,0.005502904,0.005502903,2.977298684,0.588577615,0.695727656,5073.933238,86.00388912,825.3733761,13.99019596,99.95773882,0.348959969,0.005914921,0.042261176,5899.655574,2365.237994,0.00042279,2.088550279,1.086834458,2,stressed
815.3434735,813.31515,54.15444862,12.77328098,12.77328098,4.239666276,73.91460663,4.066666667,0,9.035087806,76.05113936,-0.261950206,0.108417041,1.84E-05,-0.001652442,0.015654853,0.006794352,0.006794243,2.30409811,-0.261950206,0.108417041,609.9527695,38.27178665,970.1535153,60.87275968,98.61416098,13.63370716,0.855453664,1.385839015,1593.739992,71.1584534,0.014053144,2.183136161,1.14526231,2,stressed
852.9615286,702.538735,322.3645385,17.27641089,17.27563472,18.65923081,79.70890418,10.73333333,2.466666667,12.21979512,455.7285024,-0.820629758,0.775997141,-0.000269807,-0.000339286,0.025779448,0.015194885,0.015194885,1.696587268,-0.820629758,0.775997141,5641.120336,85.36313702,865.1057428,13.09104143,89.43884663,102.1537596,1.545821549,10.56115337,6608.379839,8.468662794,0.118082397,1.6339293,1.145171843,2,no stress
768.5429904,771.675965,54.55973137,12.5727299,12.57217411,4.339529426,78.47938884,3.6,0.466666667,8.892836321,76.64493484,0.474756374,-0.320552348,0.000145739,-0.000362972,0.016618956,0.010231782,0.010231684,1.624248395,0.474756374,-0.320552348,764.7278985,58.32253987,504.1997521,38.45316772,92.26370227,42.27707435,3.224292404,7.736297735,1311.204725,11.92607956,0.083849852,2.128450542,1.266734287,2,no stress
774.5068529,771.261295,43.18560342,10.79998276,10.79991082,3.998673368,77.70769928,2.133333333,0,7.639238716,60.59401552,0.006925097,0.285352826,-4.85E-05,-0.000933963,0.013926423,0.006243643,0.006243626,2.230496468,0.006925097,0.285352826,489.1066133,40.48997311,704.1812633,58.29461234,97.95763065,14.68183968,1.215414549,2.042369349,1207.969716,47.96274028,0.020849518,2.170991311,1.145338286,2,no stress
650.9149606,662.644525,137.7986351,14.760899,14.76089899,9.335382293,96.47624914,5.333333333,1.466666667,10.44101501,194.5967957,2.579491738,0.747970442,3.67E-06,-2.30E-05,0.025820929,0.018711407,0.018711407,1.379956538,2.579491738,0.747970442,4238.43831,79.51147009,971.6280628,18.22736819,88.96376788,120.5334834,2.26116172,11.03623212,5330.599857,8.061063493,0.12405311,1.792506913,1.177084665,2,no stress
718.2260456,718.42089,34.69932121,9.146527132,9.146447422,3.793715441,83.73733287,0.8,0,6.469673352,48.64390108,0.482320633,-0.176301578,6.04E-05,3.53E-06,0.012817066,0.008113067,0.008113065,1.579805243,0.482320633,-0.176301578,380.3255674,55.23792261,268.4423696,38.98817252,87.10090058,39.75463847,5.773904864,12.89909942,688.5225754,6.752479205,0.148093755,2.148743238,1.295149379,2,no stress
819.3553397,836.15283,114.4959212,11.66675941,11.66675918,9.813858093,74.75381119,4.533333333,0.333333333,8.252397628,161.7112546,-0.696827926,-0.13774875,7.82E-06,0.000281159,0.01476517,0.006780289,0.006780287,2.177660916,-0.696827926,-0.13774875,2465.359264,81.21119304,554.5611919,18.26775378,97.22678942,15.81781083,0.521053182,2.773210576,3035.738267,35.05928841,0.028523112,2.132756939,1.140042417,2,no stress
1207.260292,1173.72015,210.5946747,18.39821504,18.39803199,11.44647316,51.27716944,15.26666667,2.4,13.01371471,297.5413875,-0.98289598,0.118895827,-7.22E-05,-8.04E-05,0.015694663,0.004968876,0.004968866,3.158593928,-0.98289598,0.118895827,8859.718424,94.64022654,501.2663921,5.354568017,99.90287949,0.487305765,0.005205439,0.097120513,9361.472122,1028.648599,0.000972149,2.145134802,1.05890798,2,stressed
886.8677034,891.24747,79.05491875,12.90442835,12.9035927,6.126185258,68.20980672,6.066666667,0,9.127262855,111.427346,-0.190054732,-0.123856822,-0.000152804,-2.88E-05,0.014854761,0.007153578,0.007153572,2.076549876,-0.190054732,-0.123856822,1764.124937,73.693297,616.0793896,25.73566105,97.82929111,13.67002657,0.571041941,2.170708891,2393.874353,45.06789994,0.022188742,2.189351714,1.174389165,2,stressed
768.1351026,770.901505,43.81973023,9.381940942,9.381938775,4.670646564,78.37209007,1,0,6.636246456,61.61410348,-0.071284204,-0.291664567,-7.06E-06,9.14E-05,0.012377484,0.007774957,0.007774956,1.591968167,-0.071284204,-0.291664567,497.6619425,62.7580485,263.5543177,33.23572337,89.24270085,31.76879017,4.006228132,10.75729915,792.9850503,8.296013676,0.120539821,2.187272925,1.291555406,2,stressed
765.2825284,766.30934,61.82256789,9.348100365,9.347714473,6.613382985,78.93130268,1.466666667,0,6.612038143,87.1799332,-0.005703351,-0.164849341,0.000107171,0.000282584,0.01227335,0.005851017,0.005850956,2.097643696,-0.005703351,-0.164849341,1190.139128,74.53020594,391.9865927,24.547417,96.37854528,14.72902184,0.92237706,3.621454724,1596.854743,26.61321281,0.03757532,2.167503868,1.142543534,2,stressed
835.7875674,841.83507,52.69389074,8.518123826,8.517966633,6.186091188,72.09388381,1.266666667,0,6.025122017,74.27644409,0.944654004,-0.836085333,6.67E-05,-0.000187987,0.010420667,0.005826204,0.005826201,1.78858604,0.944654004,-0.836085333,971.3623658,78.92379983,240.8085353,19.56584413,92.83383138,18.58885435,1.510356044,7.166168623,1230.759755,12.95445813,0.077193503,2.059135873,1.216502067,2,no stress
1037.770254,997.72427,213.7588239,16.44576819,16.44381091,12.9978011,60.21994294,10.73333333,1.866666667,11.63141057,302.0767781,-0.813145391,0.494907821,-0.000263365,-0.000464054,0.016933194,0.007632753,0.007632749,2.218491216,-0.813145391,0.494907821,5666.643378,90.01554812,620.7537756,9.860774296,98.7612982,7.785730153,0.123677585,1.238701797,6295.182883,79.72968025,0.012542381,2.076601017,1.086795322,2,stressed
696.6159331,691.00577,45.37997474,9.882329651,9.882280832,4.592032076,86.48777797,2.733333333,0,6.990159787,63.79515563,0.386531583,0.55046716,-4.63E-05,0.000111498,0.013977989,0.007359285,0.007359283,1.899367815,0.386531583,0.55046716,454.2191068,44.04421328,546.7563257,53.01725943,94.74848365,30.30444051,2.93852729,5.251516353,1031.279873,18.04211913,0.055425862,2.090944405,1.168797574,2,no stress
844.2216373,851.733685,67.8218666,12.55182094,12.55120398,5.403348801,71.56789732,3,0,8.878003246,95.5028389,0.52395292,-0.70128888,0.000156903,-0.000658839,0.014928231,0.00869346,0.008693455,1.717179576,0.52395292,-0.70128888,748.8650374,59.76444508,481.8200974,38.45247049,95.56838615,22.34254133,1.783084424,4.43161385,1253.027676,21.56514294,0.046371128,2.112444507,1.303928976,2,no stress
779.3790382,784.00293,52.7465868,13.40493862,13.40471932,3.93486224,77.35739926,4.4,0.4,9.481731141,73.98987507,0.873188736,-0.57056696,-8.98E-05,-0.001021625,0.017484971,0.011130659,0.01113064,1.570883767,0.873188736,-0.57056696,719.2499249,56.40770408,496.0972871,38.90679442,89.25153768,59.7444384,4.6855015,10.74846232,1275.09165,8.303656379,0.120428875,2.106102913,1.301825939,2,no stress
748.268122,754.55041,81.95553825,10.14449658,10.14447167,8.078817674,81.19660619,2.066666667,0,7.175618576,115.6802965,-0.376292899,-0.172474974,-2.94E-05,-0.000753538,0.013312083,0.007232772,0.00723277,1.840522955,-0.376292899,-0.172474974,1412.373425,73.98920953,475.7965398,24.92528481,95.82671023,20.72112073,1.085505657,4.173289768,1908.891086,22.96191148,0.043550381,2.155292912,1.193596191,2,no stress
944.1582538,935.66112,98.32276205,14.50149577,14.50034095,6.780180721,64.27119836,8.933333333,0.466666667,10.25671117,138.6705843,0.102747053,-0.107920389,0.000219575,0.000214678,0.015649026,0.007289498,0.007289474,2.146790712,0.102747053,-0.107920389,2405.095669,75.93422534,753.5921957,23.79258353,98.86481474,8.652893935,0.273191128,1.135185264,3167.340758,87.09134787,0.011482197,2.134770449,1.173486446,2,stressed
673.5211631,677.41736,171.6426849,14.31010947,14.30549771,11.99450537,95.02484142,6.466666667,1.266666667,10.11889022,242.5284119,1.122345732,0.768292642,-0.00041338,2.26E-05,0.026572459,0.020425015,0.020425013,1.300976242,1.122345732,0.768292642,1852.194583,72.07329699,617.4281617,24.02559843,86.03091608,100.2535623,3.901104579,13.96908392,2569.876307,6.158665564,0.162372837,1.712789231,1.1927572,2,no stress
1130.173754,1137.6185,265.8877914,14.93166478,14.93141203,17.80697566,56.40549272,10.6,0.666666667,10.56162618,375.8737651,-0.377992098,0.114526035,6.41E-05,0.000407156,0.014010823,0.004507317,0.004507314,3.108461741,-0.377992098,0.114526035,7839.96574,96.23016117,304.3062803,3.735149282,99.07981341,2.826191821,0.034689551,0.92018659,8147.098212,107.6736115,0.009287327,2.16007148,1.039826513,2,stressed
750.4828286,753.931705,47.13863641,15.23524503,15.23524497,3.094051741,80.27494387,9.266666667,0.2,10.77654021,65.78729563,-0.282624053,-0.381643724,2.14E-05,-0.000567699,0.020828907,0.014552234,0.014552233,1.431320273,-0.282624053,-0.381643724,486.3847746,40.6297007,602.5045372,50.32965729,84.77245001,108.2270001,9.040642004,15.22754999,1197.116312,5.567044605,0.179628523,2.193338874,1.3550275,2,stressed
1009.209871,1007.7241,91.31991849,21.30423072,21.30409877,4.286468715,59.94747167,23.6,1.933333333,15.0693,128.2636785,-0.247043127,0.059374023,9.60E-05,-0.001975393,0.0213908,0.009308218,0.009308215,2.298055326,-0.247043127,0.059374023,2319.354018,55.85834729,1826.981037,44.00024337,99.67964649,5.871607739,0.141409333,0.320353508,4152.206663,311.1551586,0.003213831,2.201497871,1.145869319,2,no stress
748.5810307,745.794245,57.70942449,11.30232246,11.30198286,5.105979295,80.62983478,2.6,0.266666667,7.994375734,81.22096593,0.343507267,0.200967416,0.000106993,-0.00012565,0.015269196,0.009099267,0.009099252,1.678068828,0.343507267,0.200967416,806.8320794,59.62019083,503.7963009,37.22761199,92.19363033,42.65826339,3.152197177,7.806369674,1353.286644,11.81005181,0.084673634,2.160241188,1.25497185,2,no stress
799.133151,797.77709,80.27817896,16.19588193,16.19498394,4.956703148,75.88713675,11.4,0.466666667,11.45540462,112.9510768,0.263087756,-0.253133162,-0.000194442,-0.001286089,0.021142858,0.00975357,0.00975354,2.167704604,0.263087756,-0.253133162,1604.96729,54.02174502,1338.042582,45.03730116,97.95348079,27.95541138,0.940953822,2.046519212,2970.965284,47.86345528,0.020892767,2.162218099,1.139948782,2,no stress
639.2660105,672.76785,114.7251667,14.51755104,14.51747423,7.902515129,97.74135291,6.866666667,1.266666667,10.26883027,161.9205943,-0.228726108,-0.813680546,-6.31E-05,0.000702966,0.026945218,0.020613275,0.020613267,1.307177886,-0.228726108,-0.813680546,1408.623644,60.69099374,799.6056966,34.4512635,87.64216339,112.7470634,4.857742766,12.35783661,2320.976404,7.092031249,0.141003327,1.854126101,1.201369921,2,no stress
803.344072,803.7839,70.95218184,12.62709409,12.62637383,5.619042777,75.30258396,4.733333333,0,8.931174096,99.94327564,0.397492512,-0.296420788,0.000170135,-0.00059051,0.015511699,0.007940561,0.00794056,1.95347652,0.397492512,-0.296420788,1056.473813,57.66968459,751.5458169,41.02459492,96.91540099,23.92001127,1.305720491,3.084599011,1831.939641,31.4191247,0.031827749,2.140797585,1.184500266,2,stressed
1020.469561,1025.6105,95.62412014,22.22220893,22.22219662,4.303087981,59.33961306,25.86666667,2.733333333,15.71870986,134.3162941,-0.364066596,-0.288757988,-1.74E-05,-0.002632396,0.021870728,0.00992039,0.009920389,2.204623938,-0.364066596,-0.288757988,2314.183824,51.91282124,2137.173271,47.94204024,99.69817628,6.470023984,0.145138513,0.301823722,4457.827119,330.3192193,0.003027375,2.198760112,1.157095015,2,no stress
750.9257128,639.909465,267.1306008,18.30437542,18.30247865,14.5938113,88.82364983,11.73333333,2.666666667,12.94612574,377.5578282,0.920097724,1.222410315,-0.000223747,-0.001438532,0.030405395,0.019426403,0.019426402,1.565158203,0.920097724,1.222410315,4531.913264,77.1210521,1186.640195,20.1934448,88.26212152,157.8099208,2.685503102,11.73787848,5876.36338,7.5194271,0.132988855,1.634658794,1.185165756,2,no stress
730.6506877,728.568385,61.44696549,12.84273379,12.84273162,4.784570522,82.69810397,6.066666667,0.066666667,9.084213217,86.42300739,-0.402225804,0.231700003,-1.58E-05,-0.000878154,0.017944422,0.011862453,0.011862453,1.512707504,-0.402225804,0.231700003,548.9519635,43.66538779,628.9021361,50.02487919,88.79954476,79.32462091,6.309733025,11.20045524,1257.17872,7.928208529,0.126131899,2.205945617,1.267876824,2,no stress
907.0919483,902.931515,86.94133769,12.83729662,12.83729544,6.772558136,66.7776274,4.733333333,1,9.08036797,122.6178589,0.453497816,-0.047848869,1.94E-05,0.000422409,0.014397012,0.006297005,0.006297003,2.286327061,0.453497816,-0.047848869,2004.22815,72.21404807,763.6289798,27.51420284,99.02199105,7.542122422,0.271749098,0.978008953,2775.399252,101.2485527,0.009876684,2.155016592,1.154893557,2,no stress
1080.755922,1083.9472,278.2312643,17.60804827,17.60709395,15.80136879,59.87940125,12,2.133333333,12.45425041,393.2812791,-0.666189353,0.00957732,0.000183767,0.000371379,0.017662351,0.007438331,0.007438325,2.374504451,-0.666189353,0.00957732,7739.871099,92.75113519,596.1591471,7.144103169,98.55478555,8.74212054,0.104761642,1.445214452,8344.772367,68.19388321,0.014664072,2.17158414,1.078031611,2,no stress
763.6174657,769.049525,65.18769249,14.68396146,14.68390403,4.439380522,79.22049917,6.066666667,1.333333333,10.38655319,91.60234723,2.479632342,-0.8706355,-8.01E-05,-0.000590713,0.020532273,0.008847021,0.008847017,2.320812148,2.479632342,-0.8706355,954.5166858,41.65309949,1311.298712,57.2223163,98.07258963,25.77081675,1.124584211,1.92741037,2291.586215,50.88308705,0.019652896,2.11297418,1.13587815,2,no stress
859.7256506,856.338295,65.25533254,15.13078576,15.13078022,4.312752397,70.18204899,7.866666667,0.666666667,10.70264782,91.66226148,3.922768386,0.761810205,-2.69E-05,-0.000827346,0.01776456,0.010585255,0.010585255,1.678236387,3.922768386,0.761810205,1692.694015,67.52735539,763.2454533,30.44847238,93.766531,50.73949968,2.024172234,6.233468996,2506.678968,15.0424316,0.066478614,2.023525814,1.254958501,2,no stress
728.3059832,726.07479,52.47605545,9.537375579,9.537375421,5.502148365,82.81421727,1.2,0,6.746193441,73.90508551,0.333982916,0.115496058,3.56E-06,0.000300065,0.013212392,0.007415107,0.007415107,1.781820834,0.333982916,0.115496058,940.8615849,68.49966257,400.83322,29.18276265,92.64269857,31.83252288,2.317574775,7.357301428,1373.527328,12.59194006,0.07941588,2.149139894,1.178602183,2,no stress
694.3835939,690.88686,69.67204246,19.42982931,19.42963689,3.585828849,87.28805014,19.33333333,0.8,13.74341296,97.56795377,-0.289196042,0.147980493,-0.00013586,-0.003323216,0.027964384,0.015967421,0.01596742,1.751340043,-0.289196042,0.147980493,954.0936775,33.27072861,1789.257252,62.3941798,93.50346333,124.3159872,4.335091584,6.496536669,2867.666917,14.39281699,0.069479102,2.193267108,1.22548046,2,no stress
658.6706379,664.57269,132.4789971,12.98960125,12.98959543,10.19885018,94.95217119,3.866666667,0.733333333,9.188096265,187.1281599,3.159865649,0.77712559,-1.78E-05,-0.000364409,0.021963529,0.015452947,0.01545293,1.421316518,3.159865649,0.77712559,3845.541049,80.33135579,869.9072454,18.17191067,92.39025567,71.65010727,1.496733538,7.609744331,4787.098402,12.14104596,0.082365226,1.689075247,1.160668194,2,no stress
906.1174661,924.75565,92.25248209,16.98916438,16.98784747,5.430077668,66.97752385,13.53333333,0.733333333,12.0162309,129.9101655,-0.161323723,-0.728379026,-0.000248665,0.000181488,0.018624384,0.009631663,0.009631654,1.93366226,-0.161323723,-0.728379026,1988.332891,64.32345794,1087.744488,35.18902046,98.63349538,15.07001108,0.487521596,1.36650462,3091.14739,72.17940863,0.013854367,2.069861603,1.206938181,2,no stress
890.7840839,889.84964,122.6088553,16.51254877,16.51243151,7.425192623,68.71403947,9.266666667,1.6,11.67994886,173.0012763,-0.039130125,-0.015304737,8.74E-05,0.000619821,0.019908174,0.009754284,0.009754284,2.040967145,-0.039130125,-0.015304737,3553.634355,77.92487758,973.472547,21.34652062,96.69944393,33.22667218,0.728601793,3.300556069,4560.333574,29.29792493,0.03413211,2.152594393,1.155687512,2,no stress
1037.005752,1051.1607,76.46886095,11.20999387,11.20947433,6.821489991,58.20119856,2.2,0,7.928940494,107.8522382,0.759971377,-0.879612297,0.000110266,0.00024798,0.011031718,0.004099979,0.004099935,2.690676552,0.759971377,-0.879612297,1517.746069,78.7094722,409.7944221,21.25171222,99.81768614,0.748476593,0.038815582,0.182313857,1928.288968,547.5046594,0.001826468,2.034064759,1.128911814,2,stressed
845.4002116,845.296655,70.91027355,13.02477795,13.02477288,5.444259687,71.48277603,5.266666667,0.066666667,9.212978783,99.85817348,-0.081968371,-0.021880432,2.74E-05,0.000826503,0.015535134,0.007755348,0.007755348,2.003151079,-0.081968371,-0.021880432,1910.01183,74.13712985,642.5505687,24.94060727,96.43402732,23.7604696,0.922262885,3.565972682,2576.322869,27.04283961,0.036978365,2.186227232,1.187674637,2,stressed
832.0999384,828.3081,114.3726471,14.31650863,14.31572307,7.988864472,73.52338487,7.466666667,0.133333333,10.12612305,161.4300668,-0.804113785,0.023782159,-0.000174817,-0.000855047,0.016691637,0.008186598,0.008186579,2.03889796,-0.804113785,0.023782159,2020.494861,66.7983073,990.516401,32.74683852,98.63002716,13.75829054,0.454854173,1.369972843,3024.769552,71.99414767,0.013890018,2.207052567,1.181069562,2,stressed
666.524663,650.125265,77.69732784,18.8769404,18.87693865,4.115991585,91.1472244,17.66666667,1.066666667,13.35246586,109.0663154,0.886778562,1.034482672,2.34E-05,-0.001696842,0.027566268,0.017086171,0.017086171,1.613367176,0.886778562,1.034482672,796.597815,30.59505818,1681.232139,64.57134847,93.03566399,125.8513673,4.833593354,6.964336008,2603.681321,13.35887066,0.074856627,2.005930717,1.24418249,2,no stress
756.466102,758.755045,56.40311399,9.539903088,9.539900318,5.91233616,79.76615927,0.666666667,0,6.747979409,79.48010638,-0.294735021,-0.079156884,1.85E-05,0.000147407,0.012643122,0.006169557,0.006169552,2.049275496,-0.294735021,-0.079156884,1038.764326,69.58806484,434.3282943,29.09617202,95.67353037,19.64083656,1.315763137,4.326469627,1492.733457,22.11353335,0.045221177,2.18107024,1.14291693,2,stressed
811.9537987,817.9109,81.39210818,10.6412769,10.64101172,7.648716312,74.65071519,3.133333333,0,7.526842587,114.8594671,1.289747087,0.233526032,9.27E-05,-0.000277391,0.013332078,0.006773386,0.006773369,1.968303312,1.289747087,0.233526032,2183.646922,83.11257481,420.4076544,16.0012877,94.75267851,23.28181275,0.886137491,5.247321488,2627.336389,18.05734197,0.055379136,1.987698068,1.163721275,2,no stress
755.129778,754.44657,82.05182452,23.73889957,23.73855585,3.456429153,80.42072209,31.73333333,2.466666667,16.79129558,114.8174909,-0.737678416,-0.004831517,-0.000178278,-0.000886317,0.031671774,0.01671556,0.016715519,1.894748044,-0.737678416,-0.004831517,1203.206178,29.73823804,2743.449095,67.80661844,96.50571882,99.33486483,2.455143524,3.494281178,4045.990138,27.61818924,0.036208022,2.234434026,1.206997444,2,stressed
641.8696997,643.16953,120.2225641,18.21816452,18.21665046,6.599049207,96.938605,12.06666667,1.733333333,12.88541579,169.5314009,-1.062216076,0.079712265,0.000368095,-0.00021548,0.032197753,0.023117098,0.023117031,1.392811166,-1.062216076,0.079712265,1990.475858,62.51880514,916.0649124,28.77265933,76.76558721,277.2626523,8.708535533,23.23441279,3183.803422,3.30396072,0.302667037,2.145606052,1.271365092,2,no stress
727.3802065,721.179215,75.76103209,23.07314011,23.07299795,3.283516319,83.38960445,30.2,2.133333333,16.32051802,105.8919669,-0.633423131,0.164742897,-8.00E-05,-0.003101801,0.031557133,0.016922138,0.016922104,1.864843137,-0.633423131,0.164742897,1067.342897,28.44885217,2558.324949,68.18934055,95.3015327,126.1281511,3.361807285,4.698467301,3751.795997,20.28353644,0.049301068,2.217585226,1.223483816,2,no stress
841.7273119,769.622665,270.0880389,15.36002906,15.36001927,17.58382342,76.89407692,7.866666667,1.266666667,10.86479841,381.8076134,2.733497826,1.781039654,-2.75E-05,0.000390325,0.020975912,0.014455913,0.014455912,1.451026477,2.733497826,1.781039654,4977.41157,89.99853767,522.8870059,9.454525758,94.53143393,30.24858526,0.546936576,5.468566069,5530.547161,17.28632931,0.057849181,1.333195271,1.211652849,2,no stress
783.1633547,790.459665,68.36566285,14.44795752,14.44789805,4.73185658,77.22500667,5.466666667,1,10.21961606,96.14201559,-0.163519025,-0.301921163,6.00E-05,-0.001075924,0.018668579,0.009028168,0.009028167,2.067814651,-0.163519025,-0.301921163,966.7546762,44.62584869,1171.884804,54.0947515,97.68953603,27.71635253,1.279399815,2.310463971,2166.355833,42.28135009,0.02365109,2.170359868,1.166676494,2,no stress
820.0745219,819.86466,55.54058346,19.11563593,19.11562546,2.905505402,73.50632944,20.46666667,0.333333333,13.52129925,77.37368602,-0.246046967,-0.109656139,-1.23E-05,-0.002297682,0.023315211,0.012982411,0.01298241,1.795907571,-0.246046967,-0.109656139,756.5391187,35.41145951,1343.564572,62.88846309,97.36783431,36.32087123,1.700077404,2.632165692,2136.424562,36.9915293,0.027033216,2.199859132,1.287253782,2,no stress
889.1620827,905.71992,88.87872922,16.96858796,16.96842486,5.23783885,68.27178476,12.86666667,1,12.00249245,125.119132,1.780571325,-1.090867929,8.57E-05,-0.000568889,0.020063321,0.008526446,0.008526443,2.353069711,1.780571325,-1.090867929,2009.698394,57.18137215,1492.900109,42.47705875,99.20228854,12.00479885,0.3415691,0.797711456,3514.603302,124.3586109,0.008041261,2.024993788,1.15473778,2,stressed
722.5048195,721.284905,57.19112262,9.394461171,9.394369268,6.087749109,83.57831927,1.666666667,0.133333333,6.645039075,80.60702494,-0.31388254,-0.114817939,-5.33E-05,4.39E-05,0.013109337,0.007558414,0.007558414,1.734402996,-0.31388254,-0.114817939,1271.920574,76.04783668,369.2487914,22.07729976,92.17246669,31.35759862,1.874863562,7.827533308,1672.526964,11.77541673,0.084922685,2.190798305,1.191521915,2,no stress
946.9738897,953.511015,123.8231154,20.67452843,20.67452719,5.989162743,64.51023551,22.33333333,1.533333333,14.6239771,174.5006221,-0.534091805,-0.126408845,1.08E-05,-0.001999977,0.021660799,0.009543141,0.00954314,2.269776707,-0.534091805,-0.126408845,2075.272897,51.72814448,1920.143782,47.8614042,99.14970884,16.46682888,0.410451322,0.850291163,4011.883508,116.6067733,0.008575831,2.199963481,1.155605885,2,no stress
826.5896607,836.00552,63.70386079,8.63837866,8.636300007,7.374515902,73.06916165,1.466666667,0,6.108824272,89.88351364,1.361539615,-1.121217978,0.000269088,0.000149853,0.010737588,0.006063381,0.006063381,1.770891172,1.361539615,-1.121217978,984.8191529,77.19114561,271.2396433,21.26004428,93.20961024,19.76001071,1.548810114,6.790389762,1275.818807,13.72669515,0.072850747,1.966589478,1.214227832,2,no stress
775.3448884,781.785345,64.13953459,8.965706014,8.964860765,7.153874384,77.92122558,1.133333333,0,6.341229345,90.48507393,0.232361355,0.091451199,-0.000144941,-0.000486957,0.011915178,0.007089217,0.007089211,1.680746629,0.232361355,0.091451199,512.3147625,59.08867413,328.3340383,37.8689517,92.56349163,26.3782057,3.042374171,7.436508366,867.0270064,12.44717105,0.08033954,2.13785114,1.21568478,2,no stress
694.8091169,608.4104,296.9095027,12.64138815,12.61355419,23.48709644,93.74419921,4.266666667,1.2,8.922106218,419.7986441,9.124003861,3.254109433,0.000703798,-6.83E-05,0.017508733,0.009763006,0.009762998,1.793375133,9.124003861,3.254109433,3898.659768,84.14544371,688.3819217,14.85746531,93.71101302,46.19761118,0.997090981,6.288986979,4633.239301,14.90081206,0.067110436,0.445804953,1.187798497,2,no stress
888.7419617,886.330515,139.4646664,16.41704336,16.41686315,8.495114702,69.24863801,9.6,1.6,11.61234927,196.8906796,0.070875929,0.193731284,9.59E-05,0.000252568,0.019850555,0.009315364,0.009315353,2.130947818,0.070875929,0.193731284,4457.731547,81.97246124,950.837547,17.48478865,96.98932777,29.51520818,0.542750104,3.010672232,5438.084302,32.21517332,0.031041273,2.133357562,1.126285931,2,no stress
851.8984382,881.774565,164.6982024,21.13779943,21.13673953,7.791643731,73.40528144,17.2,3,14.95091965,232.4380902,-1.181051852,-0.245891789,-0.000247773,-0.001222657,0.027700772,0.014782391,0.014782364,1.873903293,-1.181051852,-0.245891789,2008.271229,51.98010715,1768.442676,45.77262199,95.3201252,86.82416534,2.247270863,4.679874797,3863.53807,20.36809302,0.049096398,2.097385883,1.164467779,2,stressed
857.0296639,853.228755,64.70315271,12.34046224,12.34030424,5.243170918,70.40683439,5.4,0.133333333,8.728824843,91.08679135,-0.678789029,0.2106286,7.04E-05,-0.000185851,0.014476094,0.005514592,0.005514589,2.625052824,-0.678789029,0.2106286,1636.727804,71.86913628,633.9987858,27.83904877,98.962652,6.645712909,0.291814953,1.037348002,2277.372302,95.3996651,0.010482217,2.220088376,1.094835946,2,no stress
807.7388539,808.5651,56.01166653,18.49411988,18.49387429,3.02862028,74.64416331,17.4,0.2,13.08150806,78.12482142,-0.283050982,-0.040187179,-0.000131658,-0.002847468,0.02292227,0.012747695,0.012747632,1.798150175,-0.283050982,-0.040187179,595.9388409,31.3174979,1260.463641,66.23929289,96.44274868,46.4916856,2.443209213,3.55725132,1902.894167,27.11159263,0.036884591,2.200541614,1.274933058,2,no stress
931.8584503,933.363565,68.43842299,12.06276815,12.06060433,5.673525526,64.74358612,3,0.4,8.530981136,96.40984309,0.733720542,-0.064403107,-0.00024161,-0.001046386,0.013321727,0.006392081,0.006392081,2.084098526,0.733720542,-0.064403107,1025.192166,63.90657467,572.7815476,35.70501994,98.92388881,6.230816851,0.388405389,1.076111191,1604.204531,91.92720013,0.010878173,2.115752195,1.167032441,2,no stress
625.1997615,614.2706,123.478011,18.19225457,18.19223842,6.787394633,99.92089495,12.33333333,1.933333333,12.86814811,174.1495024,-0.990191074,0.129984591,3.02E-05,-0.000249829,0.032976373,0.02278358,0.022783577,1.447374528,-0.990191074,0.129984591,1785.362592,60.81562265,878.1451994,29.91266162,76.33823385,272.1895085,9.271715736,23.66176615,2935.6973,3.226227213,0.30995957,2.139051335,1.262353623,2,no stress
913.9288246,934.710365,104.7693701,17.68006899,17.67987573,5.925846227,66.61901,14.4,1.066666667,12.50573207,147.6375579,-0.154461913,-0.672063924,-9.30E-05,-0.000117334,0.019566703,0.00947136,0.009471337,2.065880937,-0.154461913,-0.672063924,2841.815279,70.03143375,1202.575687,29.63531801,98.88800739,13.52292665,0.333248241,1.111992605,4057.913892,88.92865557,0.011244969,2.065529426,1.197590027,2,no stress
1046.081337,1046.8862,99.57763623,23.08249158,23.08248457,4.31398993,57.89657573,28.33333333,3.333333333,16.32722831,139.8743468,-0.461760284,-0.148143274,2.82E-06,-0.001443483,0.022319662,0.009246074,0.00924607,2.413960979,-0.461760284,-0.148143274,2860.742437,56.48127909,2200.21232,43.44005405,99.81923444,3.98442849,0.078666857,0.180765555,5064.939185,552.2027376,0.001810929,2.210940629,1.131800967,2,no stress
702.9193238,692.137345,112.1966346,11.78491863,11.78467124,9.520357168,87.7710386,4.733333333,0.266666667,8.335801868,158.4508884,0.592368549,0.009254822,-0.000132573,0.000712565,0.017458516,0.009477096,0.009477059,1.842179859,0.592368549,0.009254822,2598.500769,80.53316576,577.2747272,17.89099386,91.90499925,50.84641085,1.575840378,8.095000751,3226.621907,11.35330336,0.088080092,2.06245346,1.164991832,2,no stress
828.059517,726.06144,291.9813688,21.61784602,21.61125883,13.50649683,80.79703499,15.66666667,4,15.28656744,412.6409581,-0.382464125,0.86809724,0.000567258,0.001417919,0.030516595,0.01604549,0.01604549,1.9018799,-0.382464125,0.86809724,7863.92314,81.13922558,1705.53746,17.59757646,93.30251275,122.427736,1.263197962,6.697487251,9691.888336,13.9309728,0.071782496,1.787562817,1.144614152,2,no stress
895.9766113,907.59332,110.8132516,17.4931219,17.49280434,6.334675551,68.18717007,9.933333333,1.933333333,12.37340848,156.224365,1.278131935,-0.791875327,-0.000100859,-5.55E-06,0.02150826,0.010409319,0.010409319,2.066250326,1.278131935,-0.791875327,3279.455811,72.88808711,1180.305291,26.23307031,96.7584634,39.54178954,0.878842578,3.241536596,4499.302892,29.84956687,0.033501324,2.080853256,1.157438915,2,stressed
898.0501809,883.280325,117.7044489,15.00861994,15.00857552,7.842456494,67.97740341,8.733333333,0.733333333,10.61620721,166.1203501,-0.805591455,0.166150327,5.21E-05,0.000146122,0.017245845,0.008599212,0.008599198,2.005514634,-0.805591455,0.166150327,2100.056623,68.37759037,948.0659569,30.86891321,97.61720746,23.14186756,0.753496417,2.382792537,3071.264448,40.96756472,0.024409554,2.183601977,1.176354754,2,stressed
816.7885003,803.035095,107.8421706,13.99471113,13.99446364,7.705923301,74.756299,6.933333333,0.133333333,9.898882519,152.1902744,-0.491082428,0.221315462,-0.000107298,-0.000727999,0.016528387,0.007990166,0.007990159,2.068591245,-0.491082428,0.221315462,2072.190042,67.8217201,966.6522534,31.63803378,98.32108453,16.5064028,0.54024612,1.678915472,3055.348699,58.56226007,0.017075844,2.181101749,1.169742283,2,stressed
806.3795363,818.73294,108.9836303,14.2368521,14.23685135,7.655037048,75.96914308,5.933333333,0.733333333,10.07033371,153.7967871,0.717593706,-0.485073538,-8.93E-06,8.04E-05,0.018582167,0.011654247,0.011654244,1.594454494,0.717593706,-0.485073538,1618.544083,71.91475511,572.1428801,25.42131262,90.51483339,59.95559335,2.663932271,9.485166612,2250.642556,9.54277738,0.104791295,2.003190691,1.281661972,2,stressed
761.3732791,761.74371,38.15895281,9.821249472,9.821119828,3.885346046,79.00674772,1.266666667,0,6.946897994,53.51590387,0.007242794,-0.240811181,-4.87E-05,0.000202073,0.012948671,0.008138645,0.008138644,1.591010674,0.007242794,-0.240811181,426.1618464,55.40778428,306.6226859,39.86580164,89.40080908,36.352606,4.72641408,10.59919092,769.1371383,8.434682395,0.11855811,2.188748261,1.29915627,2,stressed
830.8812542,843.495065,78.23439465,14.13067414,14.13055005,5.536494145,72.94160118,6.8,0.4,9.995142252,110.1877404,1.365943972,-0.965129361,-6.98E-05,-0.000388163,0.017116791,0.009186765,0.009186762,1.863201077,1.365943972,-0.965129361,1166.926635,57.68125184,828.880568,40.97161496,96.81669885,27.25331988,1.347133196,3.183301147,2023.060523,30.41393018,0.03287967,1.956420156,1.240955659,2,no stress
836.7798041,851.999745,76.65937787,11.81216741,11.81216464,6.489865511,72.34493973,4.133333333,0,8.355249123,108.0902875,-0.038510602,-0.435468095,1.29E-06,0.000592382,0.014327853,0.007584673,0.007584673,1.88905361,-0.038510602,-0.435468095,1531.249371,72.4717428,559.9042098,26.49942893,96.26264658,21.738026,1.028828262,3.737353421,2112.891607,25.75690221,0.038824545,2.038255637,1.202524835,2,no stress
993.5719216,994.689255,137.6454463,19.99602104,19.99371082,6.883641803,61.63522559,21.73333333,1.133333333,14.14240657,194.1456415,-0.347939877,-0.14215493,0.000329506,-0.001188397,0.020467836,0.009012914,0.009012899,2.27094545,-0.347939877,-0.14215493,2477.29609,59.12578897,1703.159173,40.64941216,99.45002272,9.418789728,0.224798875,0.549977282,4189.874053,180.8256922,0.005530188,2.187740673,1.156360316,2,no stress
948.009007,955.787645,68.36186886,12.19910511,12.19905571,5.603842924,63.62752924,4.6,0.2,8.628913723,96.29243001,-0.057122353,-0.125971195,-4.56E-05,0.000250276,0.01302463,0.00430928,0.00430928,3.022461072,-0.057122353,-0.125971195,2233.576978,77.50562019,646.7511615,22.44240981,99.76896449,1.49768504,0.051970006,0.231035512,2881.825825,431.833893,0.002315705,2.138220858,1.08422576,2,stressed
909.7510569,912.64641,192.8478024,17.26362159,17.26009018,11.17076167,69.35215871,11.06666667,1.466666667,12.2087998,272.4545742,-1.062306706,-0.145197284,-0.000417011,-0.000290724,0.021190122,0.010891226,0.010891217,1.945613928,-1.062306706,-0.145197284,5149.625623,83.21095133,990.6286832,16.00721318,95.34318169,48.38497847,0.781835493,4.656818313,6188.639285,20.4738891,0.048842699,2.119426291,1.141314292,2,stressed
889.3015266,922.66586,120.488968,15.70561044,15.70425689,7.671715049,69.01073178,9.466666667,0.933333333,11.1082924,170.034669,0.626791224,-1.109257911,-0.000279858,-0.000421182,0.019554076,0.011549562,0.011549523,1.693057874,0.626791224,-1.109257911,2041.465917,69.748627,850.8099117,29.0687308,96.09061646,34.61464173,1.182642196,3.909383538,2926.89047,24.57948051,0.040684342,1.937849329,1.180638369,2,no stress
813.7793865,813.52609,52.84862903,17.35214046,17.35203363,3.045654751,74.04558347,15.4,0.066666667,12.27383534,73.72454236,0.07916192,-0.029816625,8.51E-05,-0.000971498,0.021394539,0.012245564,0.012245505,1.747125637,0.07916192,-0.029816625,687.4515536,39.98292617,994.7465206,57.85553394,96.39845839,37.16471241,2.161539885,3.601541607,1719.362787,26.76588775,0.037360988,2.180093962,1.296791686,2,no stress
770.1762802,770.983555,52.59346209,10.22212744,10.22192288,5.145060303,78.27089025,1.866666667,0.066666667,7.23040313,74.02611552,1.485556739,0.158181548,6.52E-05,-0.000142599,0.013430681,0.007697705,0.007697682,1.744764253,1.485556739,0.158181548,988.7780851,69.88254241,395.150867,27.92754779,92.72876939,30.98534682,2.189909795,7.271230609,1414.914299,12.75283021,0.078413966,2.105328552,1.239709239,2,stressed
887.6092681,897.62446,101.5254067,11.33911568,11.33902388,8.953555959,68.52200722,3.666666667,0,8.020576435,143.3544097,-0.958575762,-0.154693924,7.51E-05,1.37E-05,0.012754584,0.004635989,0.004635926,2.751210805,-0.958575762,-0.154693924,1438.90598,70.96913873,584.9691121,28.85160993,99.38254902,3.634337756,0.179251337,0.617450978,2027.50943,160.9561772,0.006212871,2.183578286,1.1027306,2,no stress
839.4531513,839.145295,61.67168692,14.23504147,14.23474866,4.332385477,71.88635121,7.066666667,0.4,10.06884639,86.63378248,2.615369709,-0.406338534,0.000113469,-0.000221597,0.017236342,0.010676689,0.010676689,1.614390126,2.615369709,-0.406338534,1265.436716,69.77085819,508.5969342,28.04189584,92.7644457,39.67016357,2.187245971,7.235554301,1813.703813,12.82064122,0.077999219,2.068896492,1.320954646,2,stressed
815.4267006,814.94835,53.95377118,18.67222674,18.67214895,2.889519923,73.90853323,19.86666667,0,13.20760935,75.15036863,-0.129640725,-0.060209833,5.40E-05,-0.001094112,0.022965085,0.013008045,0.013008001,1.765452524,-0.129640725,-0.060209833,644.6552181,33.09339557,1258.852647,64.62323957,96.58723547,44.47966275,2.283364863,3.412764529,1947.987527,28.3017579,0.035333494,2.197758409,1.297275051,2,no stress
733.6434517,728.523315,80.67498308,21.29299536,21.29291467,3.788803863,82.78893346,25.93333333,0.866666667,15.06138901,113.093149,-0.631514974,0.109538157,5.52E-05,-0.001856122,0.029017537,0.014845058,0.014845057,1.954693336,-0.631514974,0.109538157,1226.371435,32.24420386,2495.444772,65.61114166,96.83472913,81.56948155,2.144654479,3.165270872,3803.385689,30.59287279,0.032687352,2.212483839,1.192335638,2,stressed
729.5788422,731.37989,39.54999715,10.08970984,10.08970404,3.91983494,82.48492937,1.2,0,7.136879094,55.47494485,0.592379563,-0.120269655,6.64E-06,0.000302017,0.013862703,0.008733394,0.008733365,1.587321392,0.592379563,-0.120269655,457.0676545,54.73020899,337.6513008,40.43105233,89.31132975,40.40969297,4.838738685,10.68867025,835.1286483,8.355700722,0.119678772,2.139126867,1.299467017,2,no stress
839.2105583,843.95594,79.98957898,14.2555182,14.25413968,5.611130921,72.18037782,8.933333333,0,10.08256249,112.6721235,1.089572813,-0.158709669,-0.000220382,-0.000156826,0.017082171,0.010299822,0.010299822,1.658491803,1.089572813,-0.158709669,1153.022462,59.90984799,728.3387949,37.84372631,94.39656478,43.23461628,2.246425698,5.603435222,1924.595873,16.84619542,0.059360584,2.082514972,1.265972312,2,stressed
701.9678725,711.855695,72.0744183,17.84762067,17.84761211,4.03832083,86.5339186,9.066666667,2,12.62437919,101.1438016,1.741419543,-1.032640514,-2.04E-05,-0.000471086,0.027765619,0.018661592,0.018661589,1.487848348,1.741419543,-1.032640514,969.3702583,47.48272836,841.2077601,41.20493612,78.45978063,230.9437975,11.31233552,21.54021937,2041.521816,3.642478253,0.274538358,2.014242798,1.297926312,2,no stress
823.9653793,827.53571,79.14941958,21.80593308,21.80590183,3.629719457,73.53076915,28.06666667,1.333333333,15.42424676,110.8663784,0.25397027,-0.277616977,2.72E-05,-0.001380379,0.026412746,0.014214318,0.014214253,1.858178941,0.25397027,-0.277616977,1607.860477,45.17153977,1895.598805,53.25531541,97.13078788,55.99537678,1.573144826,2.869212119,3559.454659,33.85277347,0.029539677,2.161808496,1.246256908,2,stressed
802.7348576,806.199855,49.34654327,14.99785182,14.99763685,3.290240754,75.03460607,10.4,0.066666667,10.60846983,68.97552489,0.146867808,-0.249916806,0.000101698,-0.000457196,0.019298712,0.012233284,0.012233264,1.577557697,0.146867808,-0.249916806,428.3090694,39.79442381,587.6596038,54.59976685,90.68888681,60.33556346,5.605809343,9.311113186,1076.304237,9.739854409,0.102670939,2.153276001,1.332122593,2,stressed
744.3991712,726.37023,185.6239215,20.88861151,20.88791544,8.886369562,85.29594087,14.46666667,3.266666667,14.77491573,262.0957503,1.750688733,1.042530727,-0.000251967,1.90E-05,0.030335889,0.016093867,0.016093825,1.884934782,1.750688733,1.042530727,5977.093619,74.17433844,1935.990529,24.02519115,93.02836673,145.0849505,1.800470413,6.971633268,8058.169099,13.34384113,0.07494094,2.013449774,1.167368705,2,no stress
858.9952741,861.39858,69.02230436,16.64597435,16.64596953,4.146486286,70.33384524,12.06666667,0.8,11.77440601,96.89953747,1.498205319,-0.500000885,-1.19E-05,-0.000265068,0.019557639,0.010601544,0.010601543,1.844791678,1.498205319,-0.500000885,1120.08894,49.98044684,1086.128781,48.46508155,96.8922721,34.83655246,1.554471611,3.107727904,2241.054273,31.17784925,0.032074053,2.065908445,1.257585733,2,no stress
1032.279422,1050.25855,78.66651334,10.98706402,10.98703391,7.159921266,58.49207876,1.866666667,0,7.771598875,110.9794706,0.440470743,-0.895992639,-3.25E-05,0.000185606,0.010902968,0.004082839,0.004082824,2.670437769,0.440470743,-0.895992639,1606.543848,79.65495887,409.5445947,20.30586211,99.80742714,0.790193444,0.039179028,0.192572862,2016.878636,518.2839692,0.001929444,2.036706715,1.126222833,2,stressed
716.9510529,714.123,69.85667083,12.81405816,12.81405188,5.451564991,84.4942937,5.933333333,0.066666667,9.063926809,98.375577,-0.277056328,0.107499349,-2.96E-05,-0.001382783,0.018116534,0.012783747,0.012783741,1.417153679,-0.277056328,0.107499349,490.3211714,42.13031564,580.3914525,49.869507,86.17552965,93.10768917,8.000177357,13.82447035,1163.820313,6.233550179,0.160422227,2.184826765,1.29225461,2,no stress
952.7909474,952.904875,56.57408561,12.2232761,12.22327496,4.628389735,63.20056953,4,0.2,8.646045028,79.53929991,0.369388174,-0.224142463,5.66E-06,2.39E-05,0.012946455,0.005849258,0.005849258,2.21335012,0.369388174,-0.224142463,1496.197342,73.01835053,550.0750941,26.84510586,99.49393898,2.797874568,0.13654361,0.506061017,2049.07031,196.60463,0.00508635,2.173497627,1.167035168,2,no stress
807.6119626,803.354745,88.60201578,11.64732659,11.64694433,7.60706889,75.21239773,3.466666667,0,8.238381732,125.03105,0.849833627,0.164882115,-8.90E-05,-0.00032959,0.014182991,0.007022812,0.007022798,2.019560219,0.849833627,0.164882115,1565.294772,72.58945149,573.1499119,26.57942674,96.9678762,17.92203314,0.831121766,3.032123804,2156.366717,31.98018368,0.031269364,2.064449308,1.175283443,2,stressed
914.240011,940.485375,124.5902407,21.16770069,21.16768279,5.88586557,67.08187195,17.86666667,3.466666667,14.97280714,175.5598793,0.28943291,-0.779638327,-3.95E-05,3.37E-05,0.024477661,0.011058131,0.011058119,2.213544024,0.28943291,-0.779638327,2282.910365,50.18751206,2244.048679,49.33317658,99.03776869,21.80273171,0.479311355,0.96223131,4548.761775,102.9251155,0.009715802,2.072310259,1.147187719,2,stressed
714.559875,716.235025,73.52624082,14.40042011,14.40041479,5.105839985,84.82225144,8.066666667,0.933333333,10.18602913,103.481694,8.300214812,1.25918171,-1.57E-05,2.20E-05,0.020861273,0.012400297,0.012400267,1.682320479,8.300214812,1.25918171,2518.158033,75.85072115,706.451734,21.27939263,88.11605829,95.27697207,2.869886221,11.88394171,3319.886739,7.414716469,0.134866924,1.862648734,1.226432117,2,no stress
1032.110395,1035.84125,107.8474284,23.63124324,23.63124159,4.563764477,58.81950513,28.93333333,3.4,16.71538762,151.6005655,0.167012091,-0.387602382,-1.38E-05,-0.002603932,0.023486222,0.009285701,0.009285696,2.529289149,0.167012091,-0.387602382,2821.266498,54.2455894,2376.770019,45.69908254,99.879076,2.877565034,0.055328063,0.120924,5200.914081,825.9657004,0.001210704,2.165353638,1.138743498,2,no stress
723.0927545,717.32564,73.99776706,22.92893979,22.92892478,3.227265095,83.84790773,29.93333333,1.6,16.21860891,103.3842144,-0.412636438,0.22996315,6.57E-05,-0.000618196,0.031566259,0.017282364,0.017282308,1.826501219,-0.412636438,0.22996315,800.2023293,23.30106494,2484.006188,72.33169335,94.30599432,149.9792822,4.367241717,5.694005677,3434.1878,16.56232882,0.060377983,2.20723044,1.231737155,2,stressed
725.4632808,732.346595,117.1507286,12.34884825,12.34819095,9.486773685,85.24981787,5.266666667,0.266666667,8.734403452,165.4457513,0.292199613,-0.378652516,-0.000162388,0.000497982,0.017946108,0.009540507,0.009540506,1.881043421,0.292199613,-0.378652516,2765.429312,79.03500024,682.3645089,19.50173844,93.0204563,51.19941459,1.46326132,6.979543698,3498.993236,13.3275842,0.075032353,2.139217513,1.150345198,2,no stress
794.4413442,786.63323,74.17323273,11.03639997,11.03570912,6.720781497,76.16560721,2.733333333,0,7.806028934,104.6059407,0.365292175,0.554864505,0.000163593,0.000418858,0.013855756,0.007206029,0.007206025,1.92280041,0.365292175,0.554864505,2212.329903,82.90630051,427.5254994,16.02137072,93.72676016,28.61477332,1.072328766,6.273239841,2668.470176,14.94072641,0.06693115,2.161321827,1.172244656,2,no stress
1202.475373,1309.7566,344.7217937,16.24510888,16.24055493,21.2200359,55.48145041,9.066666667,1.8,11.48763893,487.3748704,-1.150671822,-0.425290365,0.000459193,0.00011947,0.019435737,0.00964127,0.00964122,2.015889813,-1.150671822,-0.425290365,4684.966456,90.95122518,429.0306542,8.32895262,92.04508656,37.07858664,0.719822205,7.95491344,5151.075697,11.57084703,0.086424096,1.990754007,1.079397529,2,no stress
857.8463348,850.899165,92.93848208,12.39133894,12.39118616,7.500277616,70.76953819,5.4,0.2,8.764815801,131.1422926,-0.562906402,0.18300698,-5.97E-05,-0.001017612,0.014331419,0.00532794,0.005327939,2.689861242,-0.562906402,0.18300698,1683.841095,67.96716234,787.3028252,31.77897196,99.20748294,6.289353435,0.253865705,0.792517064,2477.433274,125.1802484,0.007988481,2.205558071,1.09653112,2,no stress
973.7266323,849.67545,334.4012472,14.60226649,14.60034311,22.90063994,69.88727524,8,1.066666667,10.32744697,472.8020009,-1.243272715,0.281726182,-0.000294361,-0.000368747,0.020332394,0.011560062,0.011560007,1.758848067,-1.243272715,0.281726182,3673.147635,80.83610189,848.2367035,18.66740883,97.4092469,22.56019769,0.496489284,2.590753097,4543.944536,37.59881519,0.026596583,1.918386703,1.104779956,2,no stress
954.9485983,949.975305,97.6389379,14.55219786,14.55168137,6.709566405,63.53197571,9.133333333,0.4,10.29302644,137.6981409,0.218147937,-0.282920276,0.000116701,0.000281896,0.015570184,0.007184876,0.007184875,2.167077779,0.218147937,-0.282920276,2541.393686,77.11234494,745.2077179,22.61149656,98.79341725,9.101363225,0.276158497,1.206582746,3295.702767,81.87869218,0.01221319,2.145378,1.172590515,2,stressed
839.4500765,844.52567,71.48537707,18.81752381,18.81707979,3.798872678,72.03279493,17,0.866666667,13.31012513,100.2155619,0.711943835,-0.518788034,-0.000151671,-0.000644574,0.022868881,0.012530029,0.012530023,1.825125865,0.711943835,-0.518788034,1223.769717,50.12752009,1176.935423,48.2091142,96.66476238,40.60796509,1.663365711,3.335237617,2441.313105,28.98287123,0.034503138,2.137217656,1.252813209,2,stressed
780.1333348,775.24021,49.92203594,11.80444406,11.80427989,4.229088271,77.21969878,3.2,0,8.349671902,70.10493794,0.097784725,0.434678989,-6.79E-05,-0.001064364,0.01509351,0.006331034,0.006331034,2.384051103,0.097784725,0.434678989,625.7729662,40.76298274,894.2442547,58.25125899,98.33590833,15.13286899,0.985758272,1.664091673,1535.15009,59.09284321,0.016922523,2.153521188,1.127062185,2,no stress
762.472064,767.742585,81.8960582,10.78552284,10.78484004,7.593146799,79.66674538,2.333333333,0,7.628578506,115.5670086,-0.067687685,-0.344335188,-0.000153145,-0.000870827,0.014031993,0.007464306,0.007464293,1.879879165,-0.067687685,-0.344335188,1518.16038,72.97145659,540.2435097,25.96718788,96.07320486,22.08134507,1.061355529,3.92679514,2080.485235,24.46605984,0.040872948,2.134274208,1.181869322,2,no stress
922.6598971,869.081695,159.2075486,14.9846743,14.984195,10.62469197,66.83302707,9.8,0.466666667,10.59896183,224.9038663,-0.581104866,0.742349479,-0.000131542,-0.000755517,0.016186122,0.007054517,0.007054511,2.294433678,-0.581104866,0.742349479,1692.507724,61.32226163,1059.650233,38.39282262,99.26335986,7.8637364,0.284915746,0.73664014,2760.021693,134.7514946,0.007421068,1.93300029,1.155684959,2,no stress
942.0259524,929.49165,126.3525992,16.88900325,16.88896701,7.481353241,64.82538777,13.4,1.066666667,11.94628852,178.2897777,-0.624274892,0.376913698,-2.32E-05,-0.000308207,0.017866714,0.006981685,0.006981682,2.55908337,-0.624274892,0.376913698,2956.487616,70.69903763,1219.844197,29.17036093,99.55427591,5.461482571,0.130601447,0.445724088,4181.793296,223.3540402,0.004477197,2.184060109,1.127032018,2,no stress
1048.428263,1048.56055,109.9783953,22.04585906,22.04559533,4.988619177,57.88158496,26.06666667,2.333333333,15.59379222,154.749244,-0.186535923,-0.041528072,-9.63E-05,-0.000781506,0.021380274,0.008928795,0.008928782,2.39453082,-0.186535923,-0.041528072,3240.492181,64.13228415,1809.101722,35.80376659,99.82170803,3.231244072,0.063949256,0.178291966,5052.825146,559.8777688,0.001786104,2.195694061,1.141974794,2,stressed
841.4888308,848.46664,53.10593952,8.627834318,8.627539228,6.155187682,71.60810022,1.266666667,0,6.102627399,74.85478984,1.15180664,-0.931333488,8.17E-05,-0.000250716,0.010480584,0.005907613,0.005907613,1.774080988,1.15180664,-0.931333488,982.83012,79.25193665,237.7942374,19.1748843,92.41770653,19.5095265,1.573179054,7.582293475,1240.133884,12.18862167,0.082043731,2.046428799,1.214587122,2,no stress
724.6783841,714.68856,72.40756518,21.98762111,21.98761625,3.293105918,83.60437696,26.26666667,2.266666667,15.55278114,101.211768,-0.496571817,0.436302221,-6.23E-06,-0.003120425,0.030108745,0.016416902,0.016416901,1.834008964,-0.496571817,0.436302221,969.9276737,28.56075615,2317.116291,68.23044145,95.50834775,108.9714233,3.208802402,4.491652247,3396.015388,21.26352231,0.047028897,2.186060972,1.218945072,2,no stress
675.5841222,693.36608,97.04173992,18.99944354,18.99870916,5.107609584,91.23869791,10.66666667,2.733333333,13.43859935,136.5781923,1.554290847,-1.222216862,0.000233688,-0.001342729,0.032007834,0.024003021,0.024002812,1.333491937,1.554290847,-1.222216862,1511.186435,59.11939027,783.0273051,30.6329489,74.93271041,261.9466466,10.24766083,25.06728959,2556.160387,2.989262566,0.334530667,1.922848788,1.307218775,2,no stress
928.6991924,926.13484,83.69234322,12.48797626,12.48764247,6.701833944,65.15160385,5.066666667,0.133333333,8.833043473,118.0287845,-0.552205393,-0.198819508,0.0001143,0.000842671,0.013911597,0.005217396,0.005217396,2.666387088,-0.552205393,-0.198819508,2223.631307,78.81294522,592.851437,21.01264166,99.17679391,4.920898294,0.174413126,0.823206094,2821.403642,120.476263,0.00830039,2.197197893,1.095726612,2,stressed
853.9829915,850.478045,68.58271211,15.10623345,15.10598546,4.54002729,70.70177605,8.133333333,0.733333333,10.68510943,96.40023463,3.232812953,0.705262041,0.000109046,-0.00074436,0.017866817,0.010541384,0.010541384,1.694921284,3.232812953,0.705262041,1825.701726,71.24507813,685.4460839,26.74843273,93.02210193,51.4175965,2.006489137,6.977898065,2562.565406,13.33096315,0.075013335,2.041689552,1.24247637,2,no stress
891.2576139,883.280325,106.7956813,14.22993837,14.22977703,7.504999565,68.29574103,7.6,0.733333333,10.06532974,150.6961321,-0.313985454,0.241299086,-0.000102063,0.001083395,0.016374411,0.008269931,0.008269902,1.979993761,-0.313985454,0.241299086,1840.325445,68.19684905,836.3617405,30.99301568,97.45265722,21.86189793,0.810135271,2.547342785,2698.549083,38.25659342,0.026139285,2.166571793,1.178118436,2,stressed
758.1090633,752.00564,114.9303125,10.06992896,10.06806827,11.41321979,80.92840173,2.733333333,0.266666667,7.121575187,162.3799145,2.990768534,0.866885238,-0.000203588,0.000131635,0.014076705,0.007123799,0.007123787,1.976010907,2.990768534,0.866885238,1960.688304,80.79618343,442.8203827,18.24777391,95.02160075,23.20037383,0.956042659,4.978399246,2426.70906,19.08677791,0.05239229,1.830216018,1.134243362,2,stressed
800.5027935,749.982605,295.0718267,16.30690579,16.30688313,18.09489983,83.13406732,9.4,1.733333333,11.5345557,417.1351338,2.046109867,1.569582858,4.23E-05,0.000369047,0.024633628,0.018348182,0.018348178,1.342565067,2.046109867,1.569582858,5129.016849,88.04520896,598.1832818,10.2684732,85.89420894,98.23535827,1.686317846,14.10579106,5825.435489,6.089286916,0.164222841,1.502343078,1.210453819,2,no stress
881.6806404,879.85257,64.38965024,11.50955236,11.50935344,5.594453046,68.41606697,3.933333333,0,8.141057812,90.69607099,-0.368765278,0.132730948,-6.74E-05,-8.89E-05,0.013181097,0.004638871,0.00463887,2.84144521,-0.368765278,0.132730948,1667.392248,76.08109537,519.3704184,23.6982452,99.0774685,4.835969039,0.220659429,0.922531498,2191.598636,107.3973829,0.009311214,2.207885608,1.082200469,2,no stress
1234.647701,1206.5293,291.473769,15.180344,15.17679468,19.20073544,51.4434825,7.933333333,2.266666667,10.73519582,412.0663438,-1.099074418,0.222645044,0.000232814,-3.07E-05,0.01312781,0.004359109,0.004359109,3.011580889,-1.099074418,0.222645044,6740.14241,95.05226833,349.9854836,4.935639647,99.75560464,0.857443853,0.012092027,0.244395365,7090.985337,408.1730628,0.002449941,2.066631788,1.052987136,2,stressed
987.3876481,994.46374,125.7907045,22.32779761,22.32778145,5.633816049,61.81959453,28.13333333,1.666666667,15.79339453,177.1924699,-0.706455593,-0.211336704,-4.59E-05,-0.002065451,0.022378189,0.009555881,0.009555868,2.341823583,-0.706455593,-0.211336704,2504.939067,51.99861201,2301.346493,47.77234902,99.52284927,11.03353811,0.229038971,0.477150726,4817.319098,208.577382,0.004794384,2.217479021,1.145872436,2,no stress
678.531023,672.147785,62.49953089,18.13143859,18.13143578,3.447025486,89.16322272,16.66666667,0.266666667,12.8251398,87.4522642,0.024356934,0.445868519,1.67E-06,-0.002560504,0.026518568,0.015075079,0.015075043,1.75909975,0.024356934,0.445868519,849.135177,32.00330947,1694.785958,63.87529448,93.93882847,109.3518895,4.121396046,6.061171528,2653.273024,15.49846066,0.064522537,2.157852493,1.222822654,2,no stress
1077.807108,1083.8881,96.4038746,21.86900804,21.86898869,4.408241766,56.12740788,26.86666667,1.533333333,15.46887079,135.4552624,-0.328524693,-0.097001517,2.62E-05,-0.000475734,0.020647873,0.008429232,0.008429225,2.449555755,-0.328524693,-0.097001517,2181.341425,50.89598636,2102.739922,49.06202265,99.91448563,1.799683756,0.041990987,0.085514369,4285.88103,1168.394122,0.000855876,2.191729363,1.138685435,2,no stress
878.7340234,872.874095,52.9748404,8.89455437,8.89439729,5.95587347,68.52454159,0.666666667,0,6.291387517,74.65310358,-0.126454792,0.400609604,-5.72E-05,-0.001205032,0.010250907,0.005961874,0.005961872,1.71941007,-0.126454792,0.400609604,522.2978005,66.73302682,246.907942,31.54697243,94.82970471,13.46188913,1.720000749,5.170295294,782.6676316,18.34125506,0.054521896,2.140759755,1.255152034,2,stressed
888.9084026,900.69323,78.33923617,13.39203515,13.39187201,5.84968866,68.04073893,7.266666667,0.133333333,9.472643695,110.3827019,-0.377994609,-0.158581716,-7.31E-05,-0.000663068,0.015366452,0.005071845,0.005071829,3.029756078,-0.377994609,-0.158581716,2000.845744,71.12804506,809.100632,28.76271016,99.62162322,3.073076736,0.109244774,0.378376781,2813.019453,263.2868299,0.003798139,2.151943852,1.079772544,2,no stress
821.0908458,829.946175,101.3517589,14.42877982,14.42817212,7.024277876,74.39129734,6,0.733333333,10.20566307,142.9692362,1.685821892,-0.727553774,0.00017903,0.000263891,0.018611804,0.011734178,0.011734163,1.586119085,1.685821892,-0.727553774,1557.190715,71.77782306,554.6101336,25.56443963,90.58280545,57.65853138,2.65773731,9.417194554,2169.45938,9.618873744,0.103962275,1.890450407,1.290963285,2,stressed
798.8668595,802.138255,72.87181781,16.27173898,16.27170792,4.47842839,75.77465921,8.6,1.466666667,11.50967477,102.4115767,0.336038486,-0.409821731,-5.44E-05,-0.000993869,0.020852382,0.01078933,0.010789278,1.932685496,0.336038486,-0.409821731,1280.186663,51.05363999,1180.415181,47.0747692,96.17624107,46.93074958,1.87159081,3.823758927,2507.532594,25.15227631,0.039757833,2.143767914,1.192496426,2,no stress
817.9955614,827.208995,58.21151994,14.57370963,14.57355572,3.994282952,73.73980597,8.666666667,0.066666667,10.30849911,81.6755591,0.036177892,-0.466002951,7.14E-05,-4.82E-05,0.018292543,0.011495737,0.011495731,1.591245754,0.036177892,-0.466002951,1068.864032,62.07639673,588.2046362,34.16114983,90.07886087,64.78390134,3.762453445,9.921139134,1721.85257,9.079487713,0.110138373,2.11838257,1.306592756,2,stressed
720.9924145,720.368295,36.85419008,9.760408273,9.760402782,3.775886116,83.43692496,1.2,0,6.903950231,51.66041158,0.859034635,0.104843247,1.08E-05,0.00011251,0.013558387,0.008885777,0.008885774,1.52585276,0.859034635,0.104843247,303.4301435,46.16890823,311.3032647,47.36685583,87.99163137,42.4840897,6.464235939,12.00836863,657.2174979,7.327525833,0.136471713,2.115648894,1.31586289,2,no stress
767.1040269,771.89336,55.10157985,9.461848528,9.461766606,5.823553367,78.63452027,0.733333333,0,6.692712094,77.63746395,-0.057386307,-0.293704219,5.21E-05,-0.000297483,0.012407787,0.006130154,0.006130151,2.024058049,-0.057386307,-0.293704219,1054.338307,70.71582716,418.6737314,28.080986,95.89134088,17.93892575,1.203186837,4.108659118,1490.950964,23.33884076,0.04284703,2.133981091,1.155247527,2,stressed
783.9155254,797.07409,117.0822902,19.16536795,19.16523491,6.109055175,78.51431604,11.66666667,3.066666667,13.55639013,165.0234821,-0.154990005,-0.492614945,8.24E-05,-0.000116095,0.027010924,0.013365911,0.013365895,2.020881609,-0.154990005,-0.492614945,2043.794692,51.68170048,1839.669657,46.51996432,96.27814883,71.11662153,1.798335198,3.721851174,3954.580971,25.86835,0.038657278,2.164477795,1.16288439,2,no stress
791.7427032,785.95569,66.05298864,13.97655817,13.9765573,4.725983883,76.31273109,7.333333333,0.133333333,9.886216601,92.88841336,-0.044773759,0.168614838,-7.65E-06,-9.67E-06,0.017600664,0.009956949,0.009956947,1.76767636,-0.044773759,0.168614838,1134.330331,59.76445431,731.5653109,38.54397649,95.79583384,32.1060113,1.691569196,4.20416616,1898.001653,22.78592953,0.043886733,2.170336489,1.266852992,2,no stress
704.6179519,706.0224,81.69762709,17.54935134,17.5492697,4.655307509,86.36711695,10.73333333,2.066666667,12.41334884,114.8691138,7.124806974,0.553972041,6.03E-05,-0.000107648,0.026053456,0.015845869,0.015845835,1.644179694,7.124806974,0.553972041,2163.178305,62.14081787,1186.546689,34.08548501,90.0322804,131.3658238,3.773697117,9.967719598,3481.090818,9.032384942,0.110712731,1.795293391,1.244022218,2,no stress
724.6011368,720.612435,139.8527309,16.94390479,16.94389235,8.253866663,85.69169904,9.4,1.333333333,11.98513956,197.418158,3.021963548,1.170988887,-4.41E-05,0.000421308,0.027302095,0.018771628,0.018771606,1.454434077,3.021963548,1.170988887,3429.052044,78.07363596,788.0543398,17.9426462,81.83137965,174.9678445,3.983717839,18.16862035,4392.074228,4.503995246,0.222025101,1.916909804,1.224434732,2,no stress
981.6580403,997.756225,94.71364988,18.1028142,18.10262736,5.231984864,61.75410941,14.93333333,1.133333333,12.80476238,133.3318754,0.70257857,-0.739615362,-7.21E-05,-0.000170284,0.018357353,0.009096078,0.009096077,2.018161299,0.70257857,-0.739615362,1839.998593,59.40633661,1251.083422,40.39257594,99.50463339,6.228302435,0.201087453,0.495366607,3097.310318,200.8706923,0.004978327,2.04132645,1.229641761,2,stressed
776.3601388,780.23806,51.91934867,12.48929778,12.48927124,4.157107115,77.64717143,3.066666667,0.4,8.834195574,72.89166291,0.965139412,-0.486282972,3.11E-05,-0.000591907,0.016351324,0.010008843,0.010008842,1.633687797,0.965139412,-0.486282972,740.9913144,58.42193599,484.020561,38.16160551,91.7830265,43.33245782,3.416458503,8.216973502,1268.344333,11.16993093,0.089526068,2.099176926,1.276886064,2,no stress
830.9036419,828.773965,62.20615139,13.3291839,13.3291755,4.666913734,72.62512821,5,0.133333333,9.428295767,87.46609504,-0.155160037,-0.107216184,-3.26E-05,-0.001688119,0.016182287,0.006980031,0.006980028,2.318368835,-0.155160037,-0.107216184,979.9535675,50.58862452,947.2560878,48.90066646,98.96641409,9.892957643,0.510709013,1.033585907,1937.102613,95.75054518,0.010443805,2.19434414,1.143213731,2,stressed
940.2571915,954.658825,91.20311672,13.56179032,13.56070479,6.725005663,64.45160694,6.8,0,9.592066336,128.6235175,-0.144467372,-0.367422741,-0.000199918,0.000435007,0.014737789,0.004787471,0.004787471,3.078408132,-0.144467372,-0.367422741,2706.139207,80.05034472,671.3868007,19.86030308,99.55211157,3.020592706,0.089352198,0.447888433,3380.5466,222.2698874,0.004499035,2.137255352,1.072556563,2,stressed
859.0214144,858.973425,61.0478419,14.34758141,14.34751638,4.254922147,70.19917949,7.266666667,0.466666667,10.14861181,85.7361282,0.17535641,0.229315061,-5.94E-05,-0.00046027,0.016711797,0.009386673,0.009386624,1.780374997,0.17535641,0.229315061,1345.332488,64.38086836,713.9687539,34.16696524,95.92307189,30.34514248,1.452166391,4.076928111,2089.646384,23.5282716,0.04250206,2.166540739,1.241242429,2,no stress
745.66186,728.380675,105.3004103,13.12160801,13.12159101,8.024962351,81.88466244,6.933333333,0.133333333,9.281462383,148.6277473,2.701265417,1.412310021,-3.26E-05,-0.000357331,0.018326469,0.00962325,0.009623244,1.904394997,2.701265417,1.412310021,1153.088536,56.90426386,829.9042547,40.95530329,95.03330715,43.37299896,2.140432847,4.966692854,2026.365789,19.13412203,0.052262654,1.930287217,1.176950618,2,stressed
750.6934289,788.04357,128.7871161,14.74913007,14.74780786,8.731844899,82.98370769,7.733333333,0.6,10.4317551,181.8334982,-0.026394083,-1.001070333,0.000303625,0.000400767,0.021710015,0.015421349,0.015421346,1.407789626,-0.026394083,-1.001070333,1059.007563,59.45260801,652.9373924,36.655858,90.40250482,69.31847178,3.891533994,9.597495184,1781.263427,9.419385275,0.106164041,1.845478371,1.281471939,2,no stress
1066.832359,1073.66635,102.1512636,20.83726133,20.83683392,4.902336349,56.7875709,25.6,1,14.73878359,143.7098799,0.88352268,-0.2342041,0.000139514,-0.001416694,0.019496026,0.008551945,0.008551929,2.279718329,0.88352268,-0.2342041,2418.493741,58.43180815,1719.127995,41.53484275,99.91977255,1.380319973,0.033349101,0.080227451,4139.002056,1245.456147,0.000802919,2.106972959,1.172691513,2,stressed
842.0699371,843.19792,71.98186854,13.1197873,13.11974053,5.486511852,71.78408933,5.333333333,0.066666667,9.280153462,101.3738504,-0.138375893,0.007592062,-3.64E-05,0.000843684,0.015691427,0.007876786,0.007876786,1.992110242,-0.138375893,0.007592062,1843.147488,72.92745089,659.911808,26.11059955,96.44677138,24.31203751,0.961949564,3.553228622,2527.371333,27.14341846,0.036841343,2.19218327,1.193139351,2,stressed
580.528323,576.999375,30.02316289,5.531587786,5.531492543,5.427585,103.6186284,0,0,3.912661195,42.27850165,1.511329696,1.032067101,6.00E-05,-0.000356044,0.009365216,0.006064448,0.006064444,1.544281762,1.511329696,1.032067101,317.4125521,62.36205935,171.916651,33.77647269,89.74049086,19.65423227,3.861467959,10.25950914,508.9834354,8.747055018,0.114324192,2.033955962,1.212678939,2,no stress
723.2440524,713.409625,73.301826,21.72180377,21.72140368,3.37457362,83.80116513,26.53333333,1.533333333,15.3644776,102.5195016,-0.589018021,0.347542724,0.000194873,-0.002455633,0.029764823,0.016264452,0.016264452,1.830053831,-0.589018021,0.347542724,911.6371532,28.55208092,2162.290119,67.72199032,94.78511228,118.9648872,3.725928759,5.21488772,3192.89216,18.17586828,0.055018004,2.196461693,1.226402013,2,no stress
783.5291607,788.57826,53.09494789,10.76255788,10.7624815,4.933301963,76.95518987,1.8,0.266666667,7.612763353,74.7006882,1.183094039,-0.807909673,6.55E-05,-0.000365285,0.013967993,0.008591629,0.008591621,1.625767695,1.183094039,-0.807909673,684.0945516,63.92568377,354.3910115,33.11631072,91.80024512,31.65481119,2.958005506,8.199754881,1070.140374,11.19548651,0.08932171,2.089448303,1.292157746,2,stressed
642.4407738,644.329455,49.85084401,9.122389725,9.122280597,5.464669402,93.97688477,2.2,0,6.452579124,70.20382838,0.718699513,-0.176421656,-7.39E-05,0.0001088,0.014539072,0.009950141,0.009950141,1.461192514,0.718699513,-0.176421656,400.3194893,50.82266963,332.9209015,42.26606358,85.94623431,54.43859618,6.911266782,14.05376569,787.678987,6.115530614,0.163518109,2.109726994,1.275650834,2,no stress
759.7629031,763.02359,54.17153755,9.576835067,9.576811288,5.656517751,79.38977625,1.2,0.066666667,6.774088117,76.31004319,0.815525365,-0.283806383,-2.79E-05,-8.81E-05,0.012789124,0.006943456,0.006943447,1.841895992,0.815525365,-0.283806383,1072.909554,72.58824718,380.5358261,25.74534684,93.92083393,24.63074895,1.666405976,6.079166068,1478.07613,15.44962465,0.064726492,2.105496523,1.179910729,2,stressed
847.1769193,848.875815,171.6226075,15.81905033,15.81844957,10.84910939,73.78503074,7.6,1.733333333,11.18906575,242.452972,-0.226424018,0.411990307,-0.000158862,-0.000911817,0.0192218,0.008726447,0.008726447,2.202706339,-0.226424018,0.411990307,6202.188213,85.62543581,1013.145539,13.98716475,97.30496567,28.06087019,0.38739944,2.695034331,7243.394623,36.10527872,0.027696781,2.04006005,1.11445455,2,no stress
665.8353701,659.751735,47.35659676,9.220389424,9.220341062,5.136073389,90.56382396,1.933333333,0.2,6.521941484,66.65402308,4.898589206,0.700410831,3.78E-05,-0.00024088,0.014274317,0.008619494,0.00861949,1.656050433,4.898589206,0.700410831,984.373214,67.58701204,433.7416132,29.78067588,91.87883546,38.33839414,2.632312084,8.121164537,1456.453221,11.31350498,0.088389938,1.895842912,1.242386971,2,no stress
809.5027086,809.4401,54.94487813,18.1316233,18.13162318,3.030334197,74.46284158,16.73333333,0.133333333,12.82527236,76.63805617,-0.313704753,0.092747107,7.95E-06,-0.002587531,0.022453423,0.012516249,0.012516246,1.79394191,-0.313704753,0.092747107,567.3144438,30.22559504,1260.566312,67.16093213,96.25439609,49.05315801,2.613472838,3.745603906,1876.933913,25.69796447,0.038913588,2.205404708,1.273115582,2,no stress
793.449191,778.199835,156.2560175,21.28185099,21.28044705,7.34221932,78.62636396,17.33333333,3.266666667,15.05257012,220.4661111,-1.079968345,0.2404155,-0.000289516,-0.00058628,0.029031065,0.016103252,0.016103251,1.802807624,-1.079968345,0.2404155,1658.562158,43.88783294,2006.566165,53.096497,94.62563965,113.9649854,3.015670058,5.374360351,3779.093308,17.60686546,0.056796027,2.126382583,1.180738211,2,stressed
1185.658801,1140.2616,254.9130475,15.66459929,15.66099552,16.273193,52.99394907,8.933333333,2.266666667,11.07769178,360.3312481,-0.842228256,0.328269802,0.000224564,-6.31E-05,0.013610525,0.004577725,0.004577725,2.973207156,-0.842228256,0.328269802,7407.907209,94.37762712,440.1280551,5.607284257,99.73163255,1.184338796,0.015088618,0.268367445,7849.219603,371.6234379,0.002690896,2.11179751,1.048333533,2,stressed
1002.490237,1007.09715,114.3612956,23.19298539,23.19150111,4.930857052,60.68910192,31.06666667,2.133333333,16.40434038,160.8972015,-0.259919847,-0.311611823,-0.000273052,-0.001996507,0.023121234,0.009855894,0.009855886,2.345929723,-0.259919847,-0.311611823,1940.372819,43.92401652,2471.169328,55.93960156,99.75679085,6.024762621,0.136381921,0.243209147,4417.566909,410.1687458,0.002438021,2.187193668,1.148327674,2,no stress
759.1561723,763.02359,53.40470249,9.523378314,9.523376087,5.607747664,79.4430775,1.2,0.066666667,6.736291114,75.22464276,0.89861054,-0.323219263,-8.18E-06,-0.000126848,0.012739782,0.00704537,0.007045365,1.808248879,0.89861054,-0.323219263,1013.271748,70.91697815,389.2151933,27.24043714,93.66439732,26.32710924,1.842584711,6.335602676,1428.814051,14.78381807,0.067641525,2.099997381,1.187393109,2,stressed
729.5875604,723.24982,74.74691798,9.464929871,9.464704534,7.897250059,83.02301472,1.866666667,0,6.694790216,105.4958922,4.819511122,1.478658503,7.80E-05,-0.00011192,0.012938395,0.007209648,0.007209647,1.7945946,4.819511122,1.478658503,2003.138972,84.01779258,354.9836853,14.88910458,93.16050148,26.06158568,1.09310284,6.839498521,2384.184243,13.62095499,0.073416291,1.98238223,1.1699801,2,no stress
932.1957209,880.369625,200.8367274,15.43443475,15.43438573,13.01225025,67.06402069,9.333333333,1.466666667,10.91740098,283.8161244,3.949327421,1.487042883,-6.95E-05,0.000242698,0.017748261,0.007450099,0.007450082,2.382285279,3.949327421,1.487042883,5659.277806,87.80865115,774.182289,12.01211619,98.52983727,11.55156627,0.179232667,1.470162726,6445.011661,67.01968124,0.01492099,1.789792093,1.104281257,2,no stress
722.6733292,719.049005,64.1390747,14.67127304,14.67112661,4.371745692,83.59191797,7.533333333,0.933333333,10.37751517,90.11075955,12.73541389,2.456448681,-8.70E-05,-0.00055807,0.020619887,0.012703356,0.012703355,1.62318421,12.73541389,2.456448681,1975.459259,69.67753049,755.9747447,26.66440884,87.93613869,103.7113366,3.658060668,12.06386131,2835.14534,7.28921996,0.137188891,1.891021945,1.234395419,2,no stress
923.6855498,936.943605,97.3695176,18.01655124,18.01539611,5.404448181,65.74810328,14.06666667,1,12.74305998,137.1103947,-0.047296247,-0.547768612,-0.000241737,-0.001233622,0.019617794,0.010531828,0.010531827,1.862715047,-0.047296247,-0.547768612,1895.157655,59.18126958,1278.498515,39.92447017,97.80919141,28.6368335,0.894260252,2.19080859,3202.293004,44.64524735,0.022398801,2.12599485,1.20044498,2,no stress
717.1802274,663.178135,175.2886108,16.90444677,16.90438945,10.36937873,88.75253283,9.8,2.4,11.95719747,247.6069862,-0.537489717,0.527051906,5.11E-05,-0.000514894,0.026698266,0.015661444,0.015661424,1.704712903,-0.537489717,0.527051906,5220.173387,80.21118479,1173.519189,18.03184636,91.12140453,114.3441786,1.756968851,8.87859547,6508.036754,10.26304271,0.097436991,1.999787682,1.142979778,2,no stress
831.4198556,832.879995,69.43891359,20.65594948,20.65527264,3.361690716,72.69575483,22.93333333,1.266666667,14.61035753,97.10851093,0.275835231,-0.327692236,0.000185043,-0.000176997,0.024959694,0.013875285,0.013875284,1.798859845,0.275835231,-0.327692236,1273.276232,46.01663207,1447.963836,52.32990091,96.93708066,45.75128948,1.653467018,3.062919341,2766.991358,31.64859072,0.031596984,2.180086093,1.276242468,2,stressed
887.1434406,894.207005,96.86076839,21.86874475,21.86840655,4.429187385,68.49005652,27.4,1.2,15.46845902,136.1056343,0.141088405,-0.197322666,-0.000113658,-0.001127224,0.024815669,0.012564027,0.012563997,1.9751365,0.141088405,-0.197322666,1832.390074,45.7639984,2135.344988,53.33030669,98.3300854,36.26401586,0.90569491,1.669914602,4003.999079,58.88330175,0.016982743,2.164865242,1.206836553,2,stressed
693.4806863,702.091365,72.6239725,18.64973445,18.64961909,3.894102229,87.61240811,10.06666667,2.466666667,13.19167302,101.8551056,1.242905675,-0.835969868,0.000113985,-0.000439479,0.029226653,0.019906381,0.019906371,1.468205197,1.242905675,-0.835969868,973.5725629,46.39899585,882.8928435,42.07733757,78.50102482,241.7967329,11.52366658,21.49897518,2098.262139,3.651384504,0.27386872,2.079635468,1.304517016,2,no stress
801.8688415,724.426775,209.1759501,14.79399446,14.78497241,14.13924755,78.95209336,8.266666667,0.666666667,10.45804317,295.6345472,0.76063085,1.37199081,0.000523599,0.001513302,0.019535955,0.009349312,0.009349298,2.089560753,0.76063085,1.37199081,4103.572859,80.71065845,941.629461,18.52033251,96.01329553,39.0987348,0.769009041,3.986704468,5084.301055,24.0833742,0.041522421,1.58041251,1.135136987,2,stressed
887.4349415,904.51681,87.09203691,16.96593255,16.96585369,5.133348057,68.38055974,12.93333333,1,12.00067375,122.5807065,1.931121023,-1.180095155,5.80E-05,-0.000666647,0.020077705,0.008533089,0.008533088,2.352923413,1.931121023,-1.180095155,1947.235962,56.90543854,1460.74753,42.68844681,99.05761972,13.89675703,0.406114651,0.942380285,3421.880248,105.1142743,0.009513456,2.011107697,1.153283502,2,stressed
746.5299751,747.96941,88.52749729,13.35017394,13.35016025,6.631186805,81.60002144,5.8,0.4,9.443139179,124.8401485,0.157864751,-0.291761839,3.43E-05,-0.00019433,0.017638781,0.008085909,0.008085874,2.181422054,0.157864751,-0.291761839,1963.31678,65.31053956,1014.129648,33.73543952,97.24982484,28.67906622,0.954020924,2.75017516,3006.125494,35.36132035,0.028279487,2.137730446,1.129852426,2,no stress
667.4306711,650.819925,77.60538489,18.70659463,18.7065425,4.148557576,91.0196741,17.26666667,1,13.23193738,108.9500223,0.851908173,1.019527061,6.91E-05,-0.001304024,0.027288982,0.016778093,0.016778087,1.62646503,0.851908173,1.019527061,809.0445287,30.73295887,1702.0068,64.65367869,93.33974374,121.4466742,4.613362442,6.660256259,2632.498003,14.0144373,0.071354988,2.009845783,1.238842394,2,no stress
708.2147369,710.912355,32.25133402,9.205923824,9.205886873,3.503324016,84.90190718,0.666666667,0,6.511717418,45.14304629,0.715623786,-0.601095073,4.61E-05,0.000146875,0.01305159,0.008800636,0.008800636,1.483027997,0.715623786,-0.601095073,236.3849066,42.80417719,274.5686483,49.71842425,86.92667019,41.29373054,7.477398555,13.07332981,552.2472854,6.649160652,0.150394922,2.116815333,1.32123028,2,no stress
768.7027081,772.166595,73.8040037,14.54207287,14.54207127,5.075205191,78.89276566,6.733333333,0.666666667,10.28622881,103.8665269,3.006670023,-0.914474339,-3.47E-05,-0.001143757,0.019145926,0.009011933,0.009011829,2.124508147,3.006670023,-0.914474339,1823.058829,62.73694321,1047.822509,36.05872732,96.7680336,34.99634137,1.204329474,3.231966397,2905.877679,29.94091575,0.033399112,2.017167089,1.162082757,2,no stress
729.3905708,722.40275,74.57930426,9.453550706,9.453094357,7.889025677,83.04110597,1.866666667,0,6.686577841,105.2588948,4.900300152,1.498869975,-0.000151633,-0.000356493,0.012903913,0.007235688,0.007235675,1.783370481,4.900300152,1.498869975,2091.642761,85.27168036,333.0770127,13.57881809,92.19529733,28.19630853,1.149501556,7.804702666,2452.916082,11.81278792,0.084654021,1.974099172,1.173751315,2,no stress
1016.104742,999.99896,211.1742512,21.31059035,21.31059034,9.909357167,62.02545779,18.46666667,3.933333333,15.07389176,298.2648262,0.04860185,0.038726672,-8.67E-07,8.28E-05,0.023042689,0.008044514,0.008044511,2.86439799,0.04860185,0.038726672,9926.556653,87.16547445,1451.854336,12.74878857,99.33198175,9.763876408,0.085736973,0.66801825,11388.17487,148.696509,0.006725107,2.146556829,1.070922102,2,stressed
745.7422996,739.995175,77.17902012,22.82385051,22.82385033,3.381507432,81.32042225,29.46666667,2.2,16.14428526,107.9470442,-0.830428235,0.19315318,2.79E-05,-0.00186658,0.030748983,0.016562013,0.016562013,1.856596928,-0.830428235,0.19315318,1124.178215,29.17821766,2610.129479,67.74631016,95.65744877,118.4917758,3.075472178,4.342551227,3852.79947,22.0279379,0.045396896,2.216009657,1.208633078,2,stressed
751.6520061,751.33467,55.21410197,9.688762644,9.688752601,5.698777439,80.25534219,1.4,0,6.853268994,77.78320395,0.352898976,0.210883759,7.92E-06,0.000471548,0.012899385,0.006604617,0.006604611,1.953085914,0.352898976,0.210883759,1033.235472,67.52409468,474.1147076,30.98438572,95.40730403,22.8228303,1.491519596,4.592695974,1530.17301,20.77370341,0.048137782,2.142001324,1.157112537,2,stressed
907.4917529,890.433635,107.8165675,14.13453876,14.13388796,7.627880139,67.05288422,7.2,0.733333333,9.997503304,152.1475414,-0.636502659,0.244765531,-0.000113134,0.000558198,0.016088532,0.008293275,0.008293254,1.939949094,-0.636502659,0.244765531,1536.122983,65.10012388,798.8401677,33.85444684,97.00448999,24.6682779,1.045429282,2.995510008,2359.631429,32.38329691,0.030880117,2.168677965,1.189195559,2,stressed
864.6587437,876.35557,77.19115092,13.28763978,13.28731479,5.809244698,70.03591962,4.733333333,0.266666667,9.398685899,108.7594238,2.350738064,-1.210483287,-0.00011148,-0.001538587,0.015883574,0.00747113,0.007471033,2.125993408,2.350738064,-1.210483287,1434.139538,63.95985229,792.5556934,35.34645251,98.07521545,15.55437779,0.693695195,1.92478455,2242.249609,50.95386674,0.019625596,2.016712529,1.156108808,2,stressed
934.8014464,918.22352,131.6851516,16.55090394,16.55067321,7.956372179,65.44971878,12.66666667,1.066666667,11.70699885,185.8625957,-0.677837362,0.351491642,-9.66E-05,-0.000166253,0.017487478,0.006810874,0.006810872,2.567582129,-0.677837362,0.351491642,3131.971304,71.64736626,1233.491288,28.21750058,99.52338412,5.907169925,0.135133156,0.476615885,4371.369762,208.8125623,0.004788984,2.191880643,1.123127711,2,no stress
941.6534198,955.730085,91.36912907,12.86747302,12.86746041,7.100782642,64.35466478,5.333333333,0,9.101704942,128.894509,-0.258042545,-0.348169311,-2.59E-05,0.000893033,0.013899115,0.004628522,0.00462852,3.002927257,-0.258042545,-0.348169311,2607.704,80.28697173,637.8661,19.63886144,99.62376744,2.408923092,0.07416683,0.376232557,3247.979023,264.793053,0.003776534,2.139217513,1.077423934,2,stressed
824.3774751,829.07969,49.82626521,8.821358793,8.821292353,5.648366241,73.05296477,1,0,6.239677269,70.18817448,-0.844293198,-0.181110847,-2.34E-05,-0.000889774,0.010833971,0.006580122,0.006580093,1.64646965,-0.844293198,-0.181110847,442.3768796,60.26627711,269.6513576,36.73538151,92.45391279,22.00894044,2.99834138,7.546087207,734.0371777,12.25190092,0.081619988,2.217577056,1.2437988,2,stressed
836.4426278,833.510095,61.57400897,14.41331975,14.41331693,4.272021301,72.12746601,7.666666667,0.133333333,10.19515536,86.47991656,-0.11688136,-0.006683672,2.98E-06,-0.001713506,0.017374435,0.007743673,0.007743661,2.243694487,-0.11688136,-0.006683672,755.1695981,41.06222841,1071.013444,58.23618797,98.80961971,12.90272448,0.701583619,1.190380295,1839.085766,83.00676694,0.012047211,2.189812488,1.154500893,2,stressed
812.9103607,816.463845,87.04667318,11.59755212,11.59750664,7.505607415,74.65738636,3.866666667,0,8.20341234,122.8289487,0.8759461,0.354065429,4.66E-05,0.000239235,0.014415383,0.007200346,0.007200343,2.00204051,0.8759461,0.354065429,2479.121799,81.95231,518.538409,17.14132014,94.97791765,27.41840054,0.906369853,5.022082345,3025.078609,18.91205901,0.052876316,2.070877032,1.153534181,2,no stress
795.4343403,797.8218,43.1418141,12.91715267,12.9171452,3.339885747,75.6545795,2.933333333,0.4,9.136849118,60.32371205,0.325931368,-0.015813976,-1.70E-05,-0.002169948,0.016357178,0.008420369,0.008420364,1.942572622,0.325931368,-0.015813976,325.8901437,26.1004561,890.0192966,71.28141194,96.45717439,32.68998059,2.618131968,3.542825611,1248.599421,27.22605767,0.036729519,2.17017285,1.177761026,2,no stress
672.055824,686.703835,164.4875175,16.60974549,16.60564385,9.903072724,95.45518754,11.66666667,1.666666667,11.74588193,232.323742,-0.005770236,0.134704332,-0.000466079,-0.000420062,0.028746742,0.022332121,0.022332121,1.28723744,-0.005770236,0.134704332,4602.419757,75.43801721,1420.979115,23.29119302,94.82619222,77.52998007,1.270789776,5.173807777,6100.928852,18.32812434,0.054560957,2.127628819,1.156133499,2,no stress
772.4236255,769.557225,45.10041717,11.04427616,11.04417032,4.083601,77.9409053,2.066666667,0,7.812013899,63.30140359,-0.050272251,0.253739232,-5.55E-05,-0.001103055,0.014323652,0.006372195,0.006372193,2.247836447,-0.050272251,0.253739232,567.0400651,43.15982759,729.9805674,55.56192124,97.75114832,16.79384897,1.278251169,2.248851675,1313.814481,43.46713899,0.023005885,2.170258562,1.140405988,2,no stress
765.3052668,766.528025,56.15849421,9.63547554,9.635232266,5.828305409,78.84068221,1.2,0,6.815411773,79.12713255,0.401161276,-0.327259908,-9.26E-05,1.29E-05,0.012626725,0.00696223,0.006962225,1.81360362,0.401161276,-0.327259908,1037.030992,69.91779719,421.4390357,28.41389433,94.45416783,24.74459533,1.66830848,5.545832167,1483.214623,17.03155902,0.058714531,2.145864574,1.176299279,2,stressed
622.1150075,646.781435,133.6632394,16.6283792,16.62832591,8.038260241,100.8729416,8.866666667,2.266666667,11.76192593,188.6620795,5.247775494,1.178844914,-5.61E-05,0.000686911,0.029627841,0.021656913,0.021656912,1.368054717,5.247775494,1.178844914,4482.269782,78.65651445,956.9038413,16.79209965,78.6755266,259.3623633,4.551385898,21.3244734,5698.535987,3.689447571,0.271043288,1.775450229,1.214398923,2,no stress
914.0718278,915.966225,86.76533698,22.59257459,22.59215529,3.840436009,66.24916784,29.53333333,1.4,15.98039745,121.6596659,-0.301523067,-0.050396014,0.000170798,-0.001645933,0.024923807,0.01260541,0.012605373,1.977230996,-0.301523067,-0.050396014,1508.65291,40.0653684,2230.415375,59.23324916,98.82975431,26.41040633,0.70138244,1.170245685,3765.478691,84.4521416,0.011841026,2.195766002,1.218046626,2,stressed
895.3756476,867.32412,116.8585774,13.82082372,13.81891162,8.455254174,68.06643344,7.133333333,0.333333333,9.774707066,164.9736626,0.414469127,0.9416595,0.0002076,-0.000114232,0.014839857,0.005845796,0.005845774,2.538552208,0.414469127,0.9416595,2691.015283,78.95344492,710.6588206,20.85048064,99.06837753,6.682916826,0.196074437,0.931622472,3408.35702,106.3396177,0.009403833,1.965185684,1.119417247,2,no stress
761.7652929,769.22454,70.69007861,12.01397696,12.01391651,5.88398653,79.47913669,3.733333333,0.2,8.497956845,99.60903151,-0.445768443,-0.324865289,-4.49E-05,2.08E-05,0.016093544,0.007341469,0.007341469,2.192142257,-0.445768443,-0.324865289,1618.917222,65.97671799,812.375436,33.10723014,97.30757347,22.47781032,0.916051873,2.692426534,2453.770468,36.14121769,0.027669239,2.179763503,1.128159505,2,stressed
840.1348983,846.836235,74.64200677,21.55540274,21.55533534,3.462798059,72.01361615,26,0.866666667,15.24701037,104.4527981,-0.32318188,-0.39404046,-7.05E-05,-0.001999841,0.025830797,0.013944864,0.013944864,1.852351973,-0.32318188,-0.39404046,1011.160812,33.7078371,1933.58127,64.45744501,97.23237588,55.03749261,1.834717893,2.767624124,2999.779575,35.13207412,0.028464018,2.193913188,1.246824105,2,no stress
830.5997542,830.28709,61.43729089,14.55388555,14.55384265,4.22136691,72.63962537,7.533333333,0.133333333,10.29455521,86.27342323,-0.146748172,-0.041037372,4.18E-05,-0.002038405,0.017659453,0.00788311,0.007883106,2.240163272,-0.146748172,-0.041037372,772.0648881,40.05882946,1141.217853,59.21244712,98.78426895,14.04488786,0.728723422,1.21573105,1927.327629,81.25503491,0.01230693,2.200903116,1.152094335,2,stressed
856.4573955,856.63207,82.23633045,13.85793923,13.85765097,5.934239508,70.71576688,7.4,0.333333333,9.802109065,115.8859213,-0.061391305,0.059761457,0.000101409,0.000466106,0.016391058,0.008069013,0.008068992,2.031358497,-0.061391305,0.059761457,2339.389474,76.41819949,697.4333307,22.78226861,96.60953838,24.47606089,0.799531897,3.390461625,3061.298866,28.49450873,0.035094481,2.18389421,1.185609191,2,stressed
699.156403,709.917045,73.47099467,18.68322848,18.68317044,3.932457109,86.92407878,10.13333333,2.466666667,13.21540532,103.0598233,1.409419791,-0.950837111,-7.11E-05,-0.000686784,0.029216447,0.019824177,0.019824177,1.473778573,1.409419791,-0.950837111,973.4579481,44.65006754,950.0905401,43.57826331,78.73227912,256.6451861,11.77166915,21.26772088,2180.193674,3.701961275,0.270127083,2.034404826,1.297771007,2,no stress
890.9206485,900.35158,93.61806742,12.09375778,12.09366655,7.741023848,68.15366198,3.666666667,0,8.554367458,132.1192942,0.126780103,-0.452351051,7.49E-05,-0.000162149,0.013796993,0.007438567,0.007438566,1.854791721,0.126780103,-0.452351051,934.8681409,61.3374517,574.9467967,37.72272242,97.56915692,14.32425459,0.939825881,2.430843083,1524.139192,40.13799064,0.024914052,2.018665929,1.220649241,2,no stress
897.24844,893.97543,80.73755047,13.28499231,13.28462042,6.077350185,67.418431,4.4,0.666666667,9.396780058,113.7928145,0.133331119,0.15278689,-0.000119401,-0.00078431,0.015171211,0.007460148,0.007460144,2.033634111,0.133331119,0.15278689,1458.327278,66.1458726,734.7617182,33.32685039,98.44250303,11.62494976,0.527277009,1.557496973,2204.713946,63.20558227,0.015821387,2.15634516,1.171919826,2,no stress
713.3226784,714.642645,33.57673943,9.369625801,9.369593461,3.583573148,84.30411301,0.8,0,6.627514087,47.01989918,0.789357219,-0.321986315,-2.12E-05,-1.55E-05,0.01314316,0.008850849,0.008850849,1.484960403,0.789357219,-0.321986315,216.3252072,39.4822045,290.0687679,52.94137729,87.48067714,41.5116192,7.576418206,12.51932286,547.9055943,6.987652457,0.143109579,2.1173695,1.323854778,2,no stress
953.3342555,961.220845,132.8646251,18.37051569,18.37012619,7.232492944,64.22678835,18.06666667,0.866666667,12.99397574,187.4491233,0.378909058,0.066989037,0.000103411,-0.000426023,0.018957028,0.008109475,0.008109375,2.337639404,0.378909058,0.066989037,4898.565071,81.07080362,1136.279718,18.80532534,99.34560855,7.484696578,0.123871043,0.654391454,6042.329486,151.8137316,0.006587019,2.162782545,1.15441942,2,stressed
1066.969172,1073.66635,101.9601071,20.83625808,20.83576594,4.893398167,56.77784476,25.6,1,14.73802816,143.4382007,0.891673774,-0.230322028,0.000153014,-0.001403893,0.019494918,0.008552553,0.008552544,2.279426637,0.891673774,-0.230322028,2399.048039,58.17015698,1723.755721,41.79622052,99.91962078,1.386655974,0.033622501,0.080379219,4124.190417,1243.102654,0.000804439,2.107690035,1.17207349,2,stressed
